flight_id,airline,airline_type,flight_no,origin,destination,departure_time,arrival_time,duration_minutes,stops,transit_airport,price,total_price,adults,currency,route_detail,segment_detail,query_date,flight_date,data_source,_raw_fast_flights
SCR_20260527_001,THAI,廉航 (LCC),,MXP,NRT,"2:05 PM on Wed, May 27","3:55 PM on Thu, May 28",1130,1,,21398.0,21398.0,1,TWD,MXP → 轉機(1次) → NRT,"MXP|2:05 PM on Wed, May 27|NRT|3:55 PM on Thu, May 28|18 小時 50 分鐘|轉機 1 次",2026-05-27,2026-05-27,Google Flights 爬蟲即時結果,"Flight(is_best=True, name='THAI', departure='2:05 PM on Wed, May 27', arrival='3:55 PM on Thu, May 28', arrival_time_ahead='+1', duration='18 hr 50 min', stops=1, delay=None, price='NT$21398')"
SCR_20260527_002,Qatar Airways,全服務航空 (FSC),,MXP,NRT,"4:15 PM on Wed, May 27","8:00 PM on Thu, May 28",1245,1,,23515.0,23515.0,1,TWD,MXP → 轉機(1次) → NRT,"MXP|4:15 PM on Wed, May 27|NRT|8:00 PM on Thu, May 28|20 小時 45 分鐘|轉機 1 次",2026-05-27,2026-05-27,Google Flights 爬蟲即時結果,"Flight(is_best=True, name='Qatar Airways', departure='4:15 PM on Wed, May 27', arrival='8:00 PM on Thu, May 28', arrival_time_ahead='+1', duration='20 hr 45 min', stops=1, delay=None, price='NT$23515')"
SCR_20260527_003,Cathay Pacific,全服務航空 (FSC),,MXP,NRT,"12:45 PM on Wed, May 27","2:30 PM on Thu, May 28",1125,1,,27255.0,27255.0,1,TWD,MXP → 轉機(1次) → NRT,"MXP|12:45 PM on Wed, May 27|NRT|2:30 PM on Thu, May 28|18 小時 45 分鐘|轉機 1 次",2026-05-27,2026-05-27,Google Flights 爬蟲即時結果,"Flight(is_best=True, name='Cathay Pacific', departure='12:45 PM on Wed, May 27', arrival='2:30 PM on Thu, May 28', arrival_time_ahead='+1', duration='18 hr 45 min', stops=1, delay=None, price='NT$27255')"
SCR_20260527_004,Qatar Airways,全服務航空 (FSC),,MXP,NRT,"4:15 PM on Wed, May 27","12:55 PM on Fri, May 29",2260,1,,23597.0,23597.0,1,TWD,MXP → 轉機(1次) → NRT,"MXP|4:15 PM on Wed, May 27|NRT|12:55 PM on Fri, May 29|37 小時 40 分鐘|轉機 1 次",2026-05-27,2026-05-27,Google Flights 爬蟲即時結果,"Flight(is_best=False, name='Qatar Airways', departure='4:15 PM on Wed, May 27', arrival='12:55 PM on Fri, May 29', arrival_time_ahead='+2', duration='37 hr 40 min', stops=1, delay=None, price='NT$23597')"
SCR_20260527_005,EgyptAir,未知,,MXP,NRT,"2:30 PM on Wed, May 27","6:30 PM on Fri, May 29",2700,1,,25873.0,25873.0,1,TWD,MXP → 轉機(1次) → NRT,"MXP|2:30 PM on Wed, May 27|NRT|6:30 PM on Fri, May 29|45 小時 0 分鐘|轉機 1 次",2026-05-27,2026-05-27,Google Flights 爬蟲即時結果,"Flight(is_best=False, name='EgyptAir', departure='2:30 PM on Wed, May 27', arrival='6:30 PM on Fri, May 29', arrival_time_ahead='+2', duration='45 hr', stops=1, delay=None, price='NT$25873')"
SCR_20260527_006,"Air France, KLM",全服務航空 (FSC),,MXP,NRT,"6:35 PM on Wed, May 27","10:25 AM on Fri, May 29",1970,2,,26556.0,26556.0,1,TWD,MXP → 轉機(2次) → NRT,"MXP|6:35 PM on Wed, May 27|NRT|10:25 AM on Fri, May 29|32 小時 50 分鐘|轉機 2 次",2026-05-27,2026-05-27,Google Flights 爬蟲即時結果,"Flight(is_best=False, name='Air France, KLM', departure='6:35 PM on Wed, May 27', arrival='10:25 AM on Fri, May 29', arrival_time_ahead='+2', duration='32 hr 50 min', stops=2, delay=None, price='NT$26556')"
SCR_20260527_007,"Air France, KLM",全服務航空 (FSC),,MXP,NRT,"6:35 PM on Wed, May 27","10:25 AM on Fri, May 29",1970,2,,26605.0,26605.0,1,TWD,MXP → 轉機(2次) → NRT,"MXP|6:35 PM on Wed, May 27|NRT|10:25 AM on Fri, May 29|32 小時 50 分鐘|轉機 2 次",2026-05-27,2026-05-27,Google Flights 爬蟲即時結果,"Flight(is_best=False, name='Air France, KLM', departure='6:35 PM on Wed, May 27', arrival='10:25 AM on Fri, May 29', arrival_time_ahead='+2', duration='32 hr 50 min', stops=2, delay=None, price='NT$26605')"
SCR_20260527_008,"Air France, KLM",全服務航空 (FSC),,MXP,NRT,"6:35 PM on Wed, May 27","10:25 AM on Fri, May 29",1970,2,,26663.0,26663.0,1,TWD,MXP → 轉機(2次) → NRT,"MXP|6:35 PM on Wed, May 27|NRT|10:25 AM on Fri, May 29|32 小時 50 分鐘|轉機 2 次",2026-05-27,2026-05-27,Google Flights 爬蟲即時結果,"Flight(is_best=False, name='Air France, KLM', departure='6:35 PM on Wed, May 27', arrival='10:25 AM on Fri, May 29', arrival_time_ahead='+2', duration='32 hr 50 min', stops=2, delay=None, price='NT$26663')"
SCR_20260527_009,"Cathay Pacific, JAL",全服務航空 (FSC),,MXP,NRT,"12:45 PM on Wed, May 27","3:55 PM on Thu, May 28",1210,1,,27255.0,27255.0,1,TWD,MXP → 轉機(1次) → NRT,"MXP|12:45 PM on Wed, May 27|NRT|3:55 PM on Thu, May 28|20 小時 10 分鐘|轉機 1 次",2026-05-27,2026-05-27,Google Flights 爬蟲即時結果,"Flight(is_best=False, name='Cathay Pacific, JAL', departure='12:45 PM on Wed, May 27', arrival='3:55 PM on Thu, May 28', arrival_time_ahead='+1', duration='20 hr 10 min', stops=1, delay=None, price='NT$27255')"
SCR_20260527_010,Cathay Pacific,全服務航空 (FSC),,MXP,NRT,"12:45 PM on Wed, May 27","4:05 PM on Thu, May 28",1220,1,,27255.0,27255.0,1,TWD,MXP → 轉機(1次) → NRT,"MXP|12:45 PM on Wed, May 27|NRT|4:05 PM on Thu, May 28|20 小時 20 分鐘|轉機 1 次",2026-05-27,2026-05-27,Google Flights 爬蟲即時結果,"Flight(is_best=False, name='Cathay Pacific', departure='12:45 PM on Wed, May 27', arrival='4:05 PM on Thu, May 28', arrival_time_ahead='+1', duration='20 hr 20 min', stops=1, delay=None, price='NT$27255')"
SCR_20260527_011,Cathay Pacific,全服務航空 (FSC),,MXP,NRT,"12:45 PM on Wed, May 27","8:50 PM on Thu, May 28",1505,1,,27255.0,27255.0,1,TWD,MXP → 轉機(1次) → NRT,"MXP|12:45 PM on Wed, May 27|NRT|8:50 PM on Thu, May 28|25 小時 5 分鐘|轉機 1 次",2026-05-27,2026-05-27,Google Flights 爬蟲即時結果,"Flight(is_best=False, name='Cathay Pacific', departure='12:45 PM on Wed, May 27', arrival='8:50 PM on Thu, May 28', arrival_time_ahead='+1', duration='25 hr 5 min', stops=1, delay=None, price='NT$27255')"
SCR_20260527_012,Cathay Pacific,全服務航空 (FSC),,MXP,NRT,"12:45 PM on Wed, May 27","6:50 AM on Fri, May 29",2105,1,,27255.0,27255.0,1,TWD,MXP → 轉機(1次) → NRT,"MXP|12:45 PM on Wed, May 27|NRT|6:50 AM on Fri, May 29|35 小時 5 分鐘|轉機 1 次",2026-05-27,2026-05-27,Google Flights 爬蟲即時結果,"Flight(is_best=False, name='Cathay Pacific', departure='12:45 PM on Wed, May 27', arrival='6:50 AM on Fri, May 29', arrival_time_ahead='+2', duration='35 hr 5 min', stops=1, delay=None, price='NT$27255')"
SCR_20260527_013,Cathay Pacific,全服務航空 (FSC),,MXP,NRT,"12:45 PM on Wed, May 27","1:40 PM on Fri, May 29",2515,1,,27335.0,27335.0,1,TWD,MXP → 轉機(1次) → NRT,"MXP|12:45 PM on Wed, May 27|NRT|1:40 PM on Fri, May 29|41 小時 55 分鐘|轉機 1 次",2026-05-27,2026-05-27,Google Flights 爬蟲即時結果,"Flight(is_best=False, name='Cathay Pacific', departure='12:45 PM on Wed, May 27', arrival='1:40 PM on Fri, May 29', arrival_time_ahead='+2', duration='41 hr 55 min', stops=1, delay=None, price='NT$27335')"
SCR_20260527_014,Cathay Pacific,全服務航空 (FSC),,MXP,NRT,"12:45 PM on Wed, May 27","2:30 PM on Fri, May 29",2565,1,,27335.0,27335.0,1,TWD,MXP → 轉機(1次) → NRT,"MXP|12:45 PM on Wed, May 27|NRT|2:30 PM on Fri, May 29|42 小時 45 分鐘|轉機 1 次",2026-05-27,2026-05-27,Google Flights 爬蟲即時結果,"Flight(is_best=False, name='Cathay Pacific', departure='12:45 PM on Wed, May 27', arrival='2:30 PM on Fri, May 29', arrival_time_ahead='+2', duration='42 hr 45 min', stops=1, delay=None, price='NT$27335')"
SCR_20260527_015,Cathay Pacific,全服務航空 (FSC),,MXP,NRT,"12:45 PM on Wed, May 27","5:15 PM on Thu, May 28",1290,2,,29159.0,29159.0,1,TWD,MXP → 轉機(2次) → NRT,"MXP|12:45 PM on Wed, May 27|NRT|5:15 PM on Thu, May 28|21 小時 30 分鐘|轉機 2 次",2026-05-27,2026-05-27,Google Flights 爬蟲即時結果,"Flight(is_best=False, name='Cathay Pacific', departure='12:45 PM on Wed, May 27', arrival='5:15 PM on Thu, May 28', arrival_time_ahead='+1', duration='21 hr 30 min', stops=2, delay=None, price='NT$29159')"
SCR_20260527_016,Cathay Pacific,全服務航空 (FSC),,MXP,NRT,"12:45 PM on Wed, May 27","5:15 PM on Thu, May 28",1290,2,,29159.0,29159.0,1,TWD,MXP → 轉機(2次) → NRT,"MXP|12:45 PM on Wed, May 27|NRT|5:15 PM on Thu, May 28|21 小時 30 分鐘|轉機 2 次",2026-05-27,2026-05-27,Google Flights 爬蟲即時結果,"Flight(is_best=False, name='Cathay Pacific', departure='12:45 PM on Wed, May 27', arrival='5:15 PM on Thu, May 28', arrival_time_ahead='+1', duration='21 hr 30 min', stops=2, delay=None, price='NT$29159')"
SCR_20260527_017,Cathay Pacific,全服務航空 (FSC),,MXP,NRT,"12:45 PM on Wed, May 27","5:15 PM on Thu, May 28",1290,2,,29159.0,29159.0,1,TWD,MXP → 轉機(2次) → NRT,"MXP|12:45 PM on Wed, May 27|NRT|5:15 PM on Thu, May 28|21 小時 30 分鐘|轉機 2 次",2026-05-27,2026-05-27,Google Flights 爬蟲即時結果,"Flight(is_best=False, name='Cathay Pacific', departure='12:45 PM on Wed, May 27', arrival='5:15 PM on Thu, May 28', arrival_time_ahead='+1', duration='21 hr 30 min', stops=2, delay=None, price='NT$29159')"
SCR_20260527_018,Emirates,全服務航空 (FSC),,MXP,NRT,"2:15 PM on Wed, May 27","5:35 PM on Thu, May 28",1220,1,,29584.0,29584.0,1,TWD,MXP → 轉機(1次) → NRT,"MXP|2:15 PM on Wed, May 27|NRT|5:35 PM on Thu, May 28|20 小時 20 分鐘|轉機 1 次",2026-05-27,2026-05-27,Google Flights 爬蟲即時結果,"Flight(is_best=False, name='Emirates', departure='2:15 PM on Wed, May 27', arrival='5:35 PM on Thu, May 28', arrival_time_ahead='+1', duration='20 hr 20 min', stops=1, delay='Delayed 1 hr', price='NT$29584')"
SCR_20260527_019,Emirates,全服務航空 (FSC),,MXP,NRT,"10:15 PM on Wed, May 27","5:35 PM on Fri, May 29",2180,1,,29584.0,29584.0,1,TWD,MXP → 轉機(1次) → NRT,"MXP|10:15 PM on Wed, May 27|NRT|5:35 PM on Fri, May 29|36 小時 20 分鐘|轉機 1 次",2026-05-27,2026-05-27,Google Flights 爬蟲即時結果,"Flight(is_best=False, name='Emirates', departure='10:15 PM on Wed, May 27', arrival='5:35 PM on Fri, May 29', arrival_time_ahead='+2', duration='36 hr 20 min', stops=1, delay=None, price='NT$29584')"
SCR_20260527_020,THAI,廉航 (LCC),,MXP,NRT,"2:05 PM on Wed, May 27","8:10 AM on Fri, May 29",2105,1,,31571.0,31571.0,1,TWD,MXP → 轉機(1次) → NRT,"MXP|2:05 PM on Wed, May 27|NRT|8:10 AM on Fri, May 29|35 小時 5 分鐘|轉機 1 次",2026-05-27,2026-05-27,Google Flights 爬蟲即時結果,"Flight(is_best=False, name='THAI', departure='2:05 PM on Wed, May 27', arrival='8:10 AM on Fri, May 29', arrival_time_ahead='+2', duration='35 hr 5 min', stops=1, delay=None, price='NT$31571')"
SCR_20260527_021,Cathay Pacific,全服務航空 (FSC),,MXP,NRT,"12:45 PM on Wed, May 27","4:05 PM on Fri, May 29",2660,1,,32563.0,32563.0,1,TWD,MXP → 轉機(1次) → NRT,"MXP|12:45 PM on Wed, May 27|NRT|4:05 PM on Fri, May 29|44 小時 20 分鐘|轉機 1 次",2026-05-27,2026-05-27,Google Flights 爬蟲即時結果,"Flight(is_best=False, name='Cathay Pacific', departure='12:45 PM on Wed, May 27', arrival='4:05 PM on Fri, May 29', arrival_time_ahead='+2', duration='44 hr 20 min', stops=1, delay=None, price='NT$32563')"
SCR_20260527_022,Korean Air,全服務航空 (FSC),,MXP,NRT,"10:00 PM on Wed, May 27","9:05 PM on Thu, May 28",965,1,,36215.0,36215.0,1,TWD,MXP → 轉機(1次) → NRT,"MXP|10:00 PM on Wed, May 27|NRT|9:05 PM on Thu, May 28|16 小時 5 分鐘|轉機 1 次",2026-05-27,2026-05-27,Google Flights 爬蟲即時結果,"Flight(is_best=False, name='Korean Air', departure='10:00 PM on Wed, May 27', arrival='9:05 PM on Thu, May 28', arrival_time_ahead='+1', duration='16 hr 5 min', stops=1, delay=None, price='NT$36215')"
SCR_20260527_023,Korean Air,全服務航空 (FSC),,MXP,NRT,"10:00 PM on Wed, May 27","12:40 PM on Fri, May 29",1900,1,,36215.0,36215.0,1,TWD,MXP → 轉機(1次) → NRT,"MXP|10:00 PM on Wed, May 27|NRT|12:40 PM on Fri, May 29|31 小時 40 分鐘|轉機 1 次",2026-05-27,2026-05-27,Google Flights 爬蟲即時結果,"Flight(is_best=False, name='Korean Air', departure='10:00 PM on Wed, May 27', arrival='12:40 PM on Fri, May 29', arrival_time_ahead='+2', duration='31 hr 40 min', stops=1, delay=None, price='NT$36215')"
SCR_20260527_024,Korean Air,全服務航空 (FSC),,MXP,NRT,"10:00 PM on Wed, May 27","3:10 PM on Fri, May 29",2050,1,,36215.0,36215.0,1,TWD,MXP → 轉機(1次) → NRT,"MXP|10:00 PM on Wed, May 27|NRT|3:10 PM on Fri, May 29|34 小時 10 分鐘|轉機 1 次",2026-05-27,2026-05-27,Google Flights 爬蟲即時結果,"Flight(is_best=False, name='Korean Air', departure='10:00 PM on Wed, May 27', arrival='3:10 PM on Fri, May 29', arrival_time_ahead='+2', duration='34 hr 10 min', stops=1, delay=None, price='NT$36215')"
SCR_20260527_025,Korean Air,全服務航空 (FSC),,MXP,NRT,"10:00 PM on Wed, May 27","9:05 PM on Fri, May 29",2405,1,,36225.0,36225.0,1,TWD,MXP → 轉機(1次) → NRT,"MXP|10:00 PM on Wed, May 27|NRT|9:05 PM on Fri, May 29|40 小時 5 分鐘|轉機 1 次",2026-05-27,2026-05-27,Google Flights 爬蟲即時結果,"Flight(is_best=False, name='Korean Air', departure='10:00 PM on Wed, May 27', arrival='9:05 PM on Fri, May 29', arrival_time_ahead='+2', duration='40 hr 5 min', stops=1, delay=None, price='NT$36225')"
SCR_20260527_026,"Korean Air, Asiana Airlines",全服務航空 (FSC),,MXP,NRT,"10:00 PM on Wed, May 27","9:00 PM on Thu, May 28",960,1,,36873.0,36873.0,1,TWD,MXP → 轉機(1次) → NRT,"MXP|10:00 PM on Wed, May 27|NRT|9:00 PM on Thu, May 28|16 小時 0 分鐘|轉機 1 次",2026-05-27,2026-05-27,Google Flights 爬蟲即時結果,"Flight(is_best=False, name='Korean Air, Asiana Airlines', departure='10:00 PM on Wed, May 27', arrival='9:00 PM on Thu, May 28', arrival_time_ahead='+1', duration='16 hr', stops=1, delay=None, price='NT$36873')"
SCR_20260527_027,Turkish Airlines,全服務航空 (FSC),,MXP,NRT,"7:45 PM on Wed, May 27","7:10 PM on Thu, May 28",985,1,,38435.0,38435.0,1,TWD,MXP → 轉機(1次) → NRT,"MXP|7:45 PM on Wed, May 27|NRT|7:10 PM on Thu, May 28|16 小時 25 分鐘|轉機 1 次",2026-05-27,2026-05-27,Google Flights 爬蟲即時結果,"Flight(is_best=False, name='Turkish Airlines', departure='7:45 PM on Wed, May 27', arrival='7:10 PM on Thu, May 28', arrival_time_ahead='+1', duration='16 hr 25 min', stops=1, delay=None, price='NT$38435')"
SCR_20260527_030,THAI,廉航 (LCC),,MXP,NRT,"2:05 PM on Wed, May 27","3:55 PM on Thu, May 28",1130,1,,21398.0,21398.0,1,TWD,MXP → 轉機(1次) → NRT,"MXP|2:05 PM on Wed, May 27|NRT|3:55 PM on Thu, May 28|18 小時 50 分鐘|轉機 1 次",2026-05-27,2026-05-27,Google Flights 爬蟲即時結果,"Flight(is_best=False, name='THAI', departure='2:05 PM on Wed, May 27', arrival='3:55 PM on Thu, May 28', arrival_time_ahead='+1', duration='18 hr 50 min', stops=1, delay=None, price='NT$21398')"
SCR_20260527_031,Qatar Airways,全服務航空 (FSC),,MXP,NRT,"4:15 PM on Wed, May 27","8:00 PM on Thu, May 28",1245,1,,23515.0,23515.0,1,TWD,MXP → 轉機(1次) → NRT,"MXP|4:15 PM on Wed, May 27|NRT|8:00 PM on Thu, May 28|20 小時 45 分鐘|轉機 1 次",2026-05-27,2026-05-27,Google Flights 爬蟲即時結果,"Flight(is_best=False, name='Qatar Airways', departure='4:15 PM on Wed, May 27', arrival='8:00 PM on Thu, May 28', arrival_time_ahead='+1', duration='20 hr 45 min', stops=1, delay=None, price='NT$23515')"
SCR_20260527_032,Qatar Airways,全服務航空 (FSC),,MXP,NRT,"4:15 PM on Wed, May 27","12:55 PM on Fri, May 29",2260,1,,23597.0,23597.0,1,TWD,MXP → 轉機(1次) → NRT,"MXP|4:15 PM on Wed, May 27|NRT|12:55 PM on Fri, May 29|37 小時 40 分鐘|轉機 1 次",2026-05-27,2026-05-27,Google Flights 爬蟲即時結果,"Flight(is_best=False, name='Qatar Airways', departure='4:15 PM on Wed, May 27', arrival='12:55 PM on Fri, May 29', arrival_time_ahead='+2', duration='37 hr 40 min', stops=1, delay=None, price='NT$23597')"
SCR_20260527_033,EgyptAir,未知,,MXP,NRT,"2:30 PM on Wed, May 27","6:30 PM on Fri, May 29",2700,1,,25873.0,25873.0,1,TWD,MXP → 轉機(1次) → NRT,"MXP|2:30 PM on Wed, May 27|NRT|6:30 PM on Fri, May 29|45 小時 0 分鐘|轉機 1 次",2026-05-27,2026-05-27,Google Flights 爬蟲即時結果,"Flight(is_best=False, name='EgyptAir', departure='2:30 PM on Wed, May 27', arrival='6:30 PM on Fri, May 29', arrival_time_ahead='+2', duration='45 hr', stops=1, delay=None, price='NT$25873')"
SCR_20260527_034,"Air France, KLM",全服務航空 (FSC),,MXP,NRT,"6:35 PM on Wed, May 27","10:25 AM on Fri, May 29",1970,2,,26556.0,26556.0,1,TWD,MXP → 轉機(2次) → NRT,"MXP|6:35 PM on Wed, May 27|NRT|10:25 AM on Fri, May 29|32 小時 50 分鐘|轉機 2 次",2026-05-27,2026-05-27,Google Flights 爬蟲即時結果,"Flight(is_best=False, name='Air France, KLM', departure='6:35 PM on Wed, May 27', arrival='10:25 AM on Fri, May 29', arrival_time_ahead='+2', duration='32 hr 50 min', stops=2, delay=None, price='NT$26556')"
SCR_20260527_035,"Air France, KLM",全服務航空 (FSC),,MXP,NRT,"6:35 PM on Wed, May 27","10:25 AM on Fri, May 29",1970,2,,26605.0,26605.0,1,TWD,MXP → 轉機(2次) → NRT,"MXP|6:35 PM on Wed, May 27|NRT|10:25 AM on Fri, May 29|32 小時 50 分鐘|轉機 2 次",2026-05-27,2026-05-27,Google Flights 爬蟲即時結果,"Flight(is_best=False, name='Air France, KLM', departure='6:35 PM on Wed, May 27', arrival='10:25 AM on Fri, May 29', arrival_time_ahead='+2', duration='32 hr 50 min', stops=2, delay=None, price='NT$26605')"
SCR_20260527_036,"Air France, KLM",全服務航空 (FSC),,MXP,NRT,"6:35 PM on Wed, May 27","10:25 AM on Fri, May 29",1970,2,,26663.0,26663.0,1,TWD,MXP → 轉機(2次) → NRT,"MXP|6:35 PM on Wed, May 27|NRT|10:25 AM on Fri, May 29|32 小時 50 分鐘|轉機 2 次",2026-05-27,2026-05-27,Google Flights 爬蟲即時結果,"Flight(is_best=False, name='Air France, KLM', departure='6:35 PM on Wed, May 27', arrival='10:25 AM on Fri, May 29', arrival_time_ahead='+2', duration='32 hr 50 min', stops=2, delay=None, price='NT$26663')"
SCR_20260527_037,"Cathay Pacific, JAL",全服務航空 (FSC),,MXP,NRT,"12:45 PM on Wed, May 27","3:55 PM on Thu, May 28",1210,1,,27255.0,27255.0,1,TWD,MXP → 轉機(1次) → NRT,"MXP|12:45 PM on Wed, May 27|NRT|3:55 PM on Thu, May 28|20 小時 10 分鐘|轉機 1 次",2026-05-27,2026-05-27,Google Flights 爬蟲即時結果,"Flight(is_best=False, name='Cathay Pacific, JAL', departure='12:45 PM on Wed, May 27', arrival='3:55 PM on Thu, May 28', arrival_time_ahead='+1', duration='20 hr 10 min', stops=1, delay=None, price='NT$27255')"
SCR_20260527_038,Cathay Pacific,全服務航空 (FSC),,MXP,NRT,"12:45 PM on Wed, May 27","4:05 PM on Thu, May 28",1220,1,,27255.0,27255.0,1,TWD,MXP → 轉機(1次) → NRT,"MXP|12:45 PM on Wed, May 27|NRT|4:05 PM on Thu, May 28|20 小時 20 分鐘|轉機 1 次",2026-05-27,2026-05-27,Google Flights 爬蟲即時結果,"Flight(is_best=False, name='Cathay Pacific', departure='12:45 PM on Wed, May 27', arrival='4:05 PM on Thu, May 28', arrival_time_ahead='+1', duration='20 hr 20 min', stops=1, delay=None, price='NT$27255')"
SCR_20260527_039,Cathay Pacific,全服務航空 (FSC),,MXP,NRT,"12:45 PM on Wed, May 27","8:50 PM on Thu, May 28",1505,1,,27255.0,27255.0,1,TWD,MXP → 轉機(1次) → NRT,"MXP|12:45 PM on Wed, May 27|NRT|8:50 PM on Thu, May 28|25 小時 5 分鐘|轉機 1 次",2026-05-27,2026-05-27,Google Flights 爬蟲即時結果,"Flight(is_best=False, name='Cathay Pacific', departure='12:45 PM on Wed, May 27', arrival='8:50 PM on Thu, May 28', arrival_time_ahead='+1', duration='25 hr 5 min', stops=1, delay=None, price='NT$27255')"
SCR_20260527_040,Cathay Pacific,全服務航空 (FSC),,MXP,NRT,"12:45 PM on Wed, May 27","6:50 AM on Fri, May 29",2105,1,,27255.0,27255.0,1,TWD,MXP → 轉機(1次) → NRT,"MXP|12:45 PM on Wed, May 27|NRT|6:50 AM on Fri, May 29|35 小時 5 分鐘|轉機 1 次",2026-05-27,2026-05-27,Google Flights 爬蟲即時結果,"Flight(is_best=False, name='Cathay Pacific', departure='12:45 PM on Wed, May 27', arrival='6:50 AM on Fri, May 29', arrival_time_ahead='+2', duration='35 hr 5 min', stops=1, delay=None, price='NT$27255')"
SCR_20260527_041,Cathay Pacific,全服務航空 (FSC),,MXP,NRT,"12:45 PM on Wed, May 27","1:40 PM on Fri, May 29",2515,1,,27335.0,27335.0,1,TWD,MXP → 轉機(1次) → NRT,"MXP|12:45 PM on Wed, May 27|NRT|1:40 PM on Fri, May 29|41 小時 55 分鐘|轉機 1 次",2026-05-27,2026-05-27,Google Flights 爬蟲即時結果,"Flight(is_best=False, name='Cathay Pacific', departure='12:45 PM on Wed, May 27', arrival='1:40 PM on Fri, May 29', arrival_time_ahead='+2', duration='41 hr 55 min', stops=1, delay=None, price='NT$27335')"
SCR_20260527_042,Cathay Pacific,全服務航空 (FSC),,MXP,NRT,"12:45 PM on Wed, May 27","2:30 PM on Fri, May 29",2565,1,,27335.0,27335.0,1,TWD,MXP → 轉機(1次) → NRT,"MXP|12:45 PM on Wed, May 27|NRT|2:30 PM on Fri, May 29|42 小時 45 分鐘|轉機 1 次",2026-05-27,2026-05-27,Google Flights 爬蟲即時結果,"Flight(is_best=False, name='Cathay Pacific', departure='12:45 PM on Wed, May 27', arrival='2:30 PM on Fri, May 29', arrival_time_ahead='+2', duration='42 hr 45 min', stops=1, delay=None, price='NT$27335')"
SCR_20260527_043,Cathay Pacific,全服務航空 (FSC),,MXP,NRT,"12:45 PM on Wed, May 27","5:15 PM on Thu, May 28",1290,2,,29159.0,29159.0,1,TWD,MXP → 轉機(2次) → NRT,"MXP|12:45 PM on Wed, May 27|NRT|5:15 PM on Thu, May 28|21 小時 30 分鐘|轉機 2 次",2026-05-27,2026-05-27,Google Flights 爬蟲即時結果,"Flight(is_best=False, name='Cathay Pacific', departure='12:45 PM on Wed, May 27', arrival='5:15 PM on Thu, May 28', arrival_time_ahead='+1', duration='21 hr 30 min', stops=2, delay=None, price='NT$29159')"
SCR_20260527_044,Cathay Pacific,全服務航空 (FSC),,MXP,NRT,"12:45 PM on Wed, May 27","5:15 PM on Thu, May 28",1290,2,,29159.0,29159.0,1,TWD,MXP → 轉機(2次) → NRT,"MXP|12:45 PM on Wed, May 27|NRT|5:15 PM on Thu, May 28|21 小時 30 分鐘|轉機 2 次",2026-05-27,2026-05-27,Google Flights 爬蟲即時結果,"Flight(is_best=False, name='Cathay Pacific', departure='12:45 PM on Wed, May 27', arrival='5:15 PM on Thu, May 28', arrival_time_ahead='+1', duration='21 hr 30 min', stops=2, delay=None, price='NT$29159')"
SCR_20260527_045,Cathay Pacific,全服務航空 (FSC),,MXP,NRT,"12:45 PM on Wed, May 27","5:15 PM on Thu, May 28",1290,2,,29159.0,29159.0,1,TWD,MXP → 轉機(2次) → NRT,"MXP|12:45 PM on Wed, May 27|NRT|5:15 PM on Thu, May 28|21 小時 30 分鐘|轉機 2 次",2026-05-27,2026-05-27,Google Flights 爬蟲即時結果,"Flight(is_best=False, name='Cathay Pacific', departure='12:45 PM on Wed, May 27', arrival='5:15 PM on Thu, May 28', arrival_time_ahead='+1', duration='21 hr 30 min', stops=2, delay=None, price='NT$29159')"
SCR_20260527_046,Emirates,全服務航空 (FSC),,MXP,NRT,"2:15 PM on Wed, May 27","5:35 PM on Thu, May 28",1220,1,,29584.0,29584.0,1,TWD,MXP → 轉機(1次) → NRT,"MXP|2:15 PM on Wed, May 27|NRT|5:35 PM on Thu, May 28|20 小時 20 分鐘|轉機 1 次",2026-05-27,2026-05-27,Google Flights 爬蟲即時結果,"Flight(is_best=False, name='Emirates', departure='2:15 PM on Wed, May 27', arrival='5:35 PM on Thu, May 28', arrival_time_ahead='+1', duration='20 hr 20 min', stops=1, delay='Delayed 1 hr', price='NT$29584')"
SCR_20260527_047,Emirates,全服務航空 (FSC),,MXP,NRT,"10:15 PM on Wed, May 27","5:35 PM on Fri, May 29",2180,1,,29584.0,29584.0,1,TWD,MXP → 轉機(1次) → NRT,"MXP|10:15 PM on Wed, May 27|NRT|5:35 PM on Fri, May 29|36 小時 20 分鐘|轉機 1 次",2026-05-27,2026-05-27,Google Flights 爬蟲即時結果,"Flight(is_best=False, name='Emirates', departure='10:15 PM on Wed, May 27', arrival='5:35 PM on Fri, May 29', arrival_time_ahead='+2', duration='36 hr 20 min', stops=1, delay=None, price='NT$29584')"
SCR_20260527_048,THAI,廉航 (LCC),,MXP,NRT,"2:05 PM on Wed, May 27","8:10 AM on Fri, May 29",2105,1,,31571.0,31571.0,1,TWD,MXP → 轉機(1次) → NRT,"MXP|2:05 PM on Wed, May 27|NRT|8:10 AM on Fri, May 29|35 小時 5 分鐘|轉機 1 次",2026-05-27,2026-05-27,Google Flights 爬蟲即時結果,"Flight(is_best=False, name='THAI', departure='2:05 PM on Wed, May 27', arrival='8:10 AM on Fri, May 29', arrival_time_ahead='+2', duration='35 hr 5 min', stops=1, delay=None, price='NT$31571')"
SCR_20260527_049,Cathay Pacific,全服務航空 (FSC),,MXP,NRT,"12:45 PM on Wed, May 27","4:05 PM on Fri, May 29",2660,1,,32563.0,32563.0,1,TWD,MXP → 轉機(1次) → NRT,"MXP|12:45 PM on Wed, May 27|NRT|4:05 PM on Fri, May 29|44 小時 20 分鐘|轉機 1 次",2026-05-27,2026-05-27,Google Flights 爬蟲即時結果,"Flight(is_best=False, name='Cathay Pacific', departure='12:45 PM on Wed, May 27', arrival='4:05 PM on Fri, May 29', arrival_time_ahead='+2', duration='44 hr 20 min', stops=1, delay=None, price='NT$32563')"
SCR_20260527_050,Korean Air,全服務航空 (FSC),,MXP,NRT,"10:00 PM on Wed, May 27","9:05 PM on Thu, May 28",965,1,,36215.0,36215.0,1,TWD,MXP → 轉機(1次) → NRT,"MXP|10:00 PM on Wed, May 27|NRT|9:05 PM on Thu, May 28|16 小時 5 分鐘|轉機 1 次",2026-05-27,2026-05-27,Google Flights 爬蟲即時結果,"Flight(is_best=False, name='Korean Air', departure='10:00 PM on Wed, May 27', arrival='9:05 PM on Thu, May 28', arrival_time_ahead='+1', duration='16 hr 5 min', stops=1, delay=None, price='NT$36215')"
SCR_20260527_051,Korean Air,全服務航空 (FSC),,MXP,NRT,"10:00 PM on Wed, May 27","12:40 PM on Fri, May 29",1900,1,,36215.0,36215.0,1,TWD,MXP → 轉機(1次) → NRT,"MXP|10:00 PM on Wed, May 27|NRT|12:40 PM on Fri, May 29|31 小時 40 分鐘|轉機 1 次",2026-05-27,2026-05-27,Google Flights 爬蟲即時結果,"Flight(is_best=False, name='Korean Air', departure='10:00 PM on Wed, May 27', arrival='12:40 PM on Fri, May 29', arrival_time_ahead='+2', duration='31 hr 40 min', stops=1, delay=None, price='NT$36215')"
SCR_20260527_052,Korean Air,全服務航空 (FSC),,MXP,NRT,"10:00 PM on Wed, May 27","3:10 PM on Fri, May 29",2050,1,,36215.0,36215.0,1,TWD,MXP → 轉機(1次) → NRT,"MXP|10:00 PM on Wed, May 27|NRT|3:10 PM on Fri, May 29|34 小時 10 分鐘|轉機 1 次",2026-05-27,2026-05-27,Google Flights 爬蟲即時結果,"Flight(is_best=False, name='Korean Air', departure='10:00 PM on Wed, May 27', arrival='3:10 PM on Fri, May 29', arrival_time_ahead='+2', duration='34 hr 10 min', stops=1, delay=None, price='NT$36215')"
SCR_20260527_053,Korean Air,全服務航空 (FSC),,MXP,NRT,"10:00 PM on Wed, May 27","9:05 PM on Fri, May 29",2405,1,,36225.0,36225.0,1,TWD,MXP → 轉機(1次) → NRT,"MXP|10:00 PM on Wed, May 27|NRT|9:05 PM on Fri, May 29|40 小時 5 分鐘|轉機 1 次",2026-05-27,2026-05-27,Google Flights 爬蟲即時結果,"Flight(is_best=False, name='Korean Air', departure='10:00 PM on Wed, May 27', arrival='9:05 PM on Fri, May 29', arrival_time_ahead='+2', duration='40 hr 5 min', stops=1, delay=None, price='NT$36225')"
SCR_20260527_054,"Korean Air, Asiana Airlines",全服務航空 (FSC),,MXP,NRT,"10:00 PM on Wed, May 27","9:00 PM on Thu, May 28",960,1,,36873.0,36873.0,1,TWD,MXP → 轉機(1次) → NRT,"MXP|10:00 PM on Wed, May 27|NRT|9:00 PM on Thu, May 28|16 小時 0 分鐘|轉機 1 次",2026-05-27,2026-05-27,Google Flights 爬蟲即時結果,"Flight(is_best=False, name='Korean Air, Asiana Airlines', departure='10:00 PM on Wed, May 27', arrival='9:00 PM on Thu, May 28', arrival_time_ahead='+1', duration='16 hr', stops=1, delay=None, price='NT$36873')"
SCR_20260527_055,Turkish Airlines,全服務航空 (FSC),,MXP,NRT,"7:45 PM on Wed, May 27","7:10 PM on Thu, May 28",985,1,,38435.0,38435.0,1,TWD,MXP → 轉機(1次) → NRT,"MXP|7:45 PM on Wed, May 27|NRT|7:10 PM on Thu, May 28|16 小時 25 分鐘|轉機 1 次",2026-05-27,2026-05-27,Google Flights 爬蟲即時結果,"Flight(is_best=False, name='Turkish Airlines', departure='7:45 PM on Wed, May 27', arrival='7:10 PM on Thu, May 28', arrival_time_ahead='+1', duration='16 hr 25 min', stops=1, delay=None, price='NT$38435')"
SCR_20260531_001,EVA Air,全服務航空 (FSC),,MXP,NRT,"11:15 AM on Sun, May 31","12:25 PM on Mon, Jun 1",1090,1,,25923.0,25923.0,1,TWD,MXP → 轉機(1次) → NRT,"MXP|11:15 AM on Sun, May 31|NRT|12:25 PM on Mon, Jun 1|18 小時 10 分鐘|轉機 1 次",2026-05-27,2026-05-31,Google Flights 爬蟲即時結果,"Flight(is_best=True, name='EVA Air', departure='11:15 AM on Sun, May 31', arrival='12:25 PM on Mon, Jun 1', arrival_time_ahead='+1', duration='18 hr 10 min', stops=1, delay=None, price='NT$25923')"
SCR_20260531_002,Cathay Pacific,全服務航空 (FSC),,MXP,NRT,"12:45 PM on Sun, May 31","1:40 PM on Mon, Jun 1",1075,1,,27255.0,27255.0,1,TWD,MXP → 轉機(1次) → NRT,"MXP|12:45 PM on Sun, May 31|NRT|1:40 PM on Mon, Jun 1|17 小時 55 分鐘|轉機 1 次",2026-05-27,2026-05-31,Google Flights 爬蟲即時結果,"Flight(is_best=True, name='Cathay Pacific', departure='12:45 PM on Sun, May 31', arrival='1:40 PM on Mon, Jun 1', arrival_time_ahead='+1', duration='17 hr 55 min', stops=1, delay=None, price='NT$27255')"
SCR_20260531_003,THAI,廉航 (LCC),,MXP,NRT,"2:05 PM on Sun, May 31","3:55 PM on Mon, Jun 1",1130,1,,30830.0,30830.0,1,TWD,MXP → 轉機(1次) → NRT,"MXP|2:05 PM on Sun, May 31|NRT|3:55 PM on Mon, Jun 1|18 小時 50 分鐘|轉機 1 次",2026-05-27,2026-05-31,Google Flights 爬蟲即時結果,"Flight(is_best=True, name='THAI', departure='2:05 PM on Sun, May 31', arrival='3:55 PM on Mon, Jun 1', arrival_time_ahead='+1', duration='18 hr 50 min', stops=1, delay=None, price='NT$30830')"
SCR_20260531_004,Qatar Airways,全服務航空 (FSC),,MXP,NRT,"10:55 AM on Sun, May 31","8:40 PM on Mon, Jun 1",1605,1,,25782.0,25782.0,1,TWD,MXP → 轉機(1次) → NRT,"MXP|10:55 AM on Sun, May 31|NRT|8:40 PM on Mon, Jun 1|26 小時 45 分鐘|轉機 1 次",2026-05-27,2026-05-31,Google Flights 爬蟲即時結果,"Flight(is_best=False, name='Qatar Airways', departure='10:55 AM on Sun, May 31', arrival='8:40 PM on Mon, Jun 1', arrival_time_ahead='+1', duration='26 hr 45 min', stops=1, delay=None, price='NT$25782')"
SCR_20260531_005,EVA Air,全服務航空 (FSC),,MXP,NRT,"11:15 AM on Sun, May 31","1:25 PM on Mon, Jun 1",1150,1,,25923.0,25923.0,1,TWD,MXP → 轉機(1次) → NRT,"MXP|11:15 AM on Sun, May 31|NRT|1:25 PM on Mon, Jun 1|19 小時 10 分鐘|轉機 1 次",2026-05-27,2026-05-31,Google Flights 爬蟲即時結果,"Flight(is_best=False, name='EVA Air', departure='11:15 AM on Sun, May 31', arrival='1:25 PM on Mon, Jun 1', arrival_time_ahead='+1', duration='19 hr 10 min', stops=1, delay=None, price='NT$25923')"
SCR_20260531_006,"Air France, Asiana Airlines",全服務航空 (FSC),,MXP,NRT,"6:45 AM on Sun, May 31","2:55 PM on Mon, Jun 1",1510,2,,26157.0,26157.0,1,TWD,MXP → 轉機(2次) → NRT,"MXP|6:45 AM on Sun, May 31|NRT|2:55 PM on Mon, Jun 1|25 小時 10 分鐘|轉機 2 次",2026-05-27,2026-05-31,Google Flights 爬蟲即時結果,"Flight(is_best=False, name='Air France, Asiana Airlines', departure='6:45 AM on Sun, May 31', arrival='2:55 PM on Mon, Jun 1', arrival_time_ahead='+1', duration='25 hr 10 min', stops=2, delay=None, price='NT$26157')"
SCR_20260531_007,"Air France, Korean Air",全服務航空 (FSC),,MXP,NRT,"6:45 AM on Sun, May 31","5:15 PM on Mon, Jun 1",1650,2,,26157.0,26157.0,1,TWD,MXP → 轉機(2次) → NRT,"MXP|6:45 AM on Sun, May 31|NRT|5:15 PM on Mon, Jun 1|27 小時 30 分鐘|轉機 2 次",2026-05-27,2026-05-31,Google Flights 爬蟲即時結果,"Flight(is_best=False, name='Air France, Korean Air', departure='6:45 AM on Sun, May 31', arrival='5:15 PM on Mon, Jun 1', arrival_time_ahead='+1', duration='27 hr 30 min', stops=2, delay=None, price='NT$26157')"
SCR_20260531_008,"Air France, Asiana Airlines",全服務航空 (FSC),,MXP,NRT,"11:40 AM on Sun, May 31","2:55 PM on Mon, Jun 1",1215,2,,26157.0,26157.0,1,TWD,MXP → 轉機(2次) → NRT,"MXP|11:40 AM on Sun, May 31|NRT|2:55 PM on Mon, Jun 1|20 小時 15 分鐘|轉機 2 次",2026-05-27,2026-05-31,Google Flights 爬蟲即時結果,"Flight(is_best=False, name='Air France, Asiana Airlines', departure='11:40 AM on Sun, May 31', arrival='2:55 PM on Mon, Jun 1', arrival_time_ahead='+1', duration='20 hr 15 min', stops=2, delay=None, price='NT$26157')"
SCR_20260531_009,"Air France, Korean Air",全服務航空 (FSC),,MXP,NRT,"11:40 AM on Sun, May 31","5:15 PM on Mon, Jun 1",1355,2,,26157.0,26157.0,1,TWD,MXP → 轉機(2次) → NRT,"MXP|11:40 AM on Sun, May 31|NRT|5:15 PM on Mon, Jun 1|22 小時 35 分鐘|轉機 2 次",2026-05-27,2026-05-31,Google Flights 爬蟲即時結果,"Flight(is_best=False, name='Air France, Korean Air', departure='11:40 AM on Sun, May 31', arrival='5:15 PM on Mon, Jun 1', arrival_time_ahead='+1', duration='22 hr 35 min', stops=2, delay=None, price='NT$26157')"
SCR_20260531_010,"Air France, Asiana Airlines",全服務航空 (FSC),,MXP,NRT,"11:40 AM on Sun, May 31","6:25 PM on Mon, Jun 1",1425,2,,26157.0,26157.0,1,TWD,MXP → 轉機(2次) → NRT,"MXP|11:40 AM on Sun, May 31|NRT|6:25 PM on Mon, Jun 1|23 小時 45 分鐘|轉機 2 次",2026-05-27,2026-05-31,Google Flights 爬蟲即時結果,"Flight(is_best=False, name='Air France, Asiana Airlines', departure='11:40 AM on Sun, May 31', arrival='6:25 PM on Mon, Jun 1', arrival_time_ahead='+1', duration='23 hr 45 min', stops=2, delay=None, price='NT$26157')"
SCR_20260531_011,"Air France, Asiana Airlines",全服務航空 (FSC),,MXP,NRT,"11:40 AM on Sun, May 31","9:00 PM on Mon, Jun 1",1580,2,,26157.0,26157.0,1,TWD,MXP → 轉機(2次) → NRT,"MXP|11:40 AM on Sun, May 31|NRT|9:00 PM on Mon, Jun 1|26 小時 20 分鐘|轉機 2 次",2026-05-27,2026-05-31,Google Flights 爬蟲即時結果,"Flight(is_best=False, name='Air France, Asiana Airlines', departure='11:40 AM on Sun, May 31', arrival='9:00 PM on Mon, Jun 1', arrival_time_ahead='+1', duration='26 hr 20 min', stops=2, delay=None, price='NT$26157')"
SCR_20260531_012,EVA Air,全服務航空 (FSC),,MXP,NRT,"11:15 AM on Sun, May 31","7:40 PM on Mon, Jun 1",1525,1,,26435.0,26435.0,1,TWD,MXP → 轉機(1次) → NRT,"MXP|11:15 AM on Sun, May 31|NRT|7:40 PM on Mon, Jun 1|25 小時 25 分鐘|轉機 1 次",2026-05-27,2026-05-31,Google Flights 爬蟲即時結果,"Flight(is_best=False, name='EVA Air', departure='11:15 AM on Sun, May 31', arrival='7:40 PM on Mon, Jun 1', arrival_time_ahead='+1', duration='25 hr 25 min', stops=1, delay=None, price='NT$26435')"
SCR_20260531_013,"Air France, KLM",全服務航空 (FSC),,MXP,NRT,"6:45 AM on Sun, May 31","10:25 AM on Mon, Jun 1",1240,2,,26614.0,26614.0,1,TWD,MXP → 轉機(2次) → NRT,"MXP|6:45 AM on Sun, May 31|NRT|10:25 AM on Mon, Jun 1|20 小時 40 分鐘|轉機 2 次",2026-05-27,2026-05-31,Google Flights 爬蟲即時結果,"Flight(is_best=False, name='Air France, KLM', departure='6:45 AM on Sun, May 31', arrival='10:25 AM on Mon, Jun 1', arrival_time_ahead='+1', duration='20 hr 40 min', stops=2, delay=None, price='NT$26614')"
SCR_20260531_014,Cathay Pacific,全服務航空 (FSC),,MXP,NRT,"12:45 PM on Sun, May 31","2:30 PM on Mon, Jun 1",1125,1,,27255.0,27255.0,1,TWD,MXP → 轉機(1次) → NRT,"MXP|12:45 PM on Sun, May 31|NRT|2:30 PM on Mon, Jun 1|18 小時 45 分鐘|轉機 1 次",2026-05-27,2026-05-31,Google Flights 爬蟲即時結果,"Flight(is_best=False, name='Cathay Pacific', departure='12:45 PM on Sun, May 31', arrival='2:30 PM on Mon, Jun 1', arrival_time_ahead='+1', duration='18 hr 45 min', stops=1, delay=None, price='NT$27255')"
SCR_20260531_015,"Cathay Pacific, JAL",全服務航空 (FSC),,MXP,NRT,"12:45 PM on Sun, May 31","3:55 PM on Mon, Jun 1",1210,1,,27255.0,27255.0,1,TWD,MXP → 轉機(1次) → NRT,"MXP|12:45 PM on Sun, May 31|NRT|3:55 PM on Mon, Jun 1|20 小時 10 分鐘|轉機 1 次",2026-05-27,2026-05-31,Google Flights 爬蟲即時結果,"Flight(is_best=False, name='Cathay Pacific, JAL', departure='12:45 PM on Sun, May 31', arrival='3:55 PM on Mon, Jun 1', arrival_time_ahead='+1', duration='20 hr 10 min', stops=1, delay=None, price='NT$27255')"
SCR_20260531_016,Cathay Pacific,全服務航空 (FSC),,MXP,NRT,"12:45 PM on Sun, May 31","4:05 PM on Mon, Jun 1",1220,1,,27255.0,27255.0,1,TWD,MXP → 轉機(1次) → NRT,"MXP|12:45 PM on Sun, May 31|NRT|4:05 PM on Mon, Jun 1|20 小時 20 分鐘|轉機 1 次",2026-05-27,2026-05-31,Google Flights 爬蟲即時結果,"Flight(is_best=False, name='Cathay Pacific', departure='12:45 PM on Sun, May 31', arrival='4:05 PM on Mon, Jun 1', arrival_time_ahead='+1', duration='20 hr 20 min', stops=1, delay=None, price='NT$27255')"
SCR_20260531_017,Cathay Pacific,全服務航空 (FSC),,MXP,NRT,"12:45 PM on Sun, May 31","6:50 AM on Tue, Jun 2",2105,1,,27255.0,27255.0,1,TWD,MXP → 轉機(1次) → NRT,"MXP|12:45 PM on Sun, May 31|NRT|6:50 AM on Tue, Jun 2|35 小時 5 分鐘|轉機 1 次",2026-05-27,2026-05-31,Google Flights 爬蟲即時結果,"Flight(is_best=False, name='Cathay Pacific', departure='12:45 PM on Sun, May 31', arrival='6:50 AM on Tue, Jun 2', arrival_time_ahead='+2', duration='35 hr 5 min', stops=1, delay=None, price='NT$27255')"
SCR_20260531_018,Cathay Pacific,全服務航空 (FSC),,MXP,NRT,"12:45 PM on Sun, May 31","5:15 PM on Mon, Jun 1",1290,2,,29159.0,29159.0,1,TWD,MXP → 轉機(2次) → NRT,"MXP|12:45 PM on Sun, May 31|NRT|5:15 PM on Mon, Jun 1|21 小時 30 分鐘|轉機 2 次",2026-05-27,2026-05-31,Google Flights 爬蟲即時結果,"Flight(is_best=False, name='Cathay Pacific', departure='12:45 PM on Sun, May 31', arrival='5:15 PM on Mon, Jun 1', arrival_time_ahead='+1', duration='21 hr 30 min', stops=2, delay=None, price='NT$29159')"
SCR_20260531_019,Cathay Pacific,全服務航空 (FSC),,MXP,NRT,"12:45 PM on Sun, May 31","5:15 PM on Mon, Jun 1",1290,2,,29159.0,29159.0,1,TWD,MXP → 轉機(2次) → NRT,"MXP|12:45 PM on Sun, May 31|NRT|5:15 PM on Mon, Jun 1|21 小時 30 分鐘|轉機 2 次",2026-05-27,2026-05-31,Google Flights 爬蟲即時結果,"Flight(is_best=False, name='Cathay Pacific', departure='12:45 PM on Sun, May 31', arrival='5:15 PM on Mon, Jun 1', arrival_time_ahead='+1', duration='21 hr 30 min', stops=2, delay=None, price='NT$29159')"
SCR_20260531_020,Cathay Pacific,全服務航空 (FSC),,MXP,NRT,"12:45 PM on Sun, May 31","5:15 PM on Mon, Jun 1",1290,2,,29159.0,29159.0,1,TWD,MXP → 轉機(2次) → NRT,"MXP|12:45 PM on Sun, May 31|NRT|5:15 PM on Mon, Jun 1|21 小時 30 分鐘|轉機 2 次",2026-05-27,2026-05-31,Google Flights 爬蟲即時結果,"Flight(is_best=False, name='Cathay Pacific', departure='12:45 PM on Sun, May 31', arrival='5:15 PM on Mon, Jun 1', arrival_time_ahead='+1', duration='21 hr 30 min', stops=2, delay=None, price='NT$29159')"
SCR_20260531_021,Cathay Pacific,全服務航空 (FSC),,MXP,NRT,"12:45 PM on Sun, May 31","5:15 PM on Mon, Jun 1",1290,2,,29159.0,29159.0,1,TWD,MXP → 轉機(2次) → NRT,"MXP|12:45 PM on Sun, May 31|NRT|5:15 PM on Mon, Jun 1|21 小時 30 分鐘|轉機 2 次",2026-05-27,2026-05-31,Google Flights 爬蟲即時結果,"Flight(is_best=False, name='Cathay Pacific', departure='12:45 PM on Sun, May 31', arrival='5:15 PM on Mon, Jun 1', arrival_time_ahead='+1', duration='21 hr 30 min', stops=2, delay=None, price='NT$29159')"
SCR_20260531_022,THAI,廉航 (LCC),,MXP,NRT,"2:05 PM on Sun, May 31","8:10 AM on Tue, Jun 2",2105,1,,31571.0,31571.0,1,TWD,MXP → 轉機(1次) → NRT,"MXP|2:05 PM on Sun, May 31|NRT|8:10 AM on Tue, Jun 2|35 小時 5 分鐘|轉機 1 次",2026-05-27,2026-05-31,Google Flights 爬蟲即時結果,"Flight(is_best=False, name='THAI', departure='2:05 PM on Sun, May 31', arrival='8:10 AM on Tue, Jun 2', arrival_time_ahead='+2', duration='35 hr 5 min', stops=1, delay=None, price='NT$31571')"
SCR_20260531_023,Korean Air,全服務航空 (FSC),,MXP,NRT,"10:00 PM on Sun, May 31","9:05 PM on Mon, Jun 1",965,1,,36215.0,36215.0,1,TWD,MXP → 轉機(1次) → NRT,"MXP|10:00 PM on Sun, May 31|NRT|9:05 PM on Mon, Jun 1|16 小時 5 分鐘|轉機 1 次",2026-05-27,2026-05-31,Google Flights 爬蟲即時結果,"Flight(is_best=False, name='Korean Air', departure='10:00 PM on Sun, May 31', arrival='9:05 PM on Mon, Jun 1', arrival_time_ahead='+1', duration='16 hr 5 min', stops=1, delay=None, price='NT$36215')"
SCR_20260531_024,Korean Air,全服務航空 (FSC),,MXP,NRT,"10:00 PM on Sun, May 31","12:40 PM on Tue, Jun 2",1900,1,,36215.0,36215.0,1,TWD,MXP → 轉機(1次) → NRT,"MXP|10:00 PM on Sun, May 31|NRT|12:40 PM on Tue, Jun 2|31 小時 40 分鐘|轉機 1 次",2026-05-27,2026-05-31,Google Flights 爬蟲即時結果,"Flight(is_best=False, name='Korean Air', departure='10:00 PM on Sun, May 31', arrival='12:40 PM on Tue, Jun 2', arrival_time_ahead='+2', duration='31 hr 40 min', stops=1, delay=None, price='NT$36215')"
SCR_20260531_025,Korean Air,全服務航空 (FSC),,MXP,NRT,"10:00 PM on Sun, May 31","3:35 PM on Tue, Jun 2",2075,1,,36215.0,36215.0,1,TWD,MXP → 轉機(1次) → NRT,"MXP|10:00 PM on Sun, May 31|NRT|3:35 PM on Tue, Jun 2|34 小時 35 分鐘|轉機 1 次",2026-05-27,2026-05-31,Google Flights 爬蟲即時結果,"Flight(is_best=False, name='Korean Air', departure='10:00 PM on Sun, May 31', arrival='3:35 PM on Tue, Jun 2', arrival_time_ahead='+2', duration='34 hr 35 min', stops=1, delay=None, price='NT$36215')"
SCR_20260531_026,Korean Air,全服務航空 (FSC),,MXP,NRT,"10:00 PM on Sun, May 31","5:15 PM on Tue, Jun 2",2175,1,,36215.0,36215.0,1,TWD,MXP → 轉機(1次) → NRT,"MXP|10:00 PM on Sun, May 31|NRT|5:15 PM on Tue, Jun 2|36 小時 15 分鐘|轉機 1 次",2026-05-27,2026-05-31,Google Flights 爬蟲即時結果,"Flight(is_best=False, name='Korean Air', departure='10:00 PM on Sun, May 31', arrival='5:15 PM on Tue, Jun 2', arrival_time_ahead='+2', duration='36 hr 15 min', stops=1, delay=None, price='NT$36215')"
SCR_20260531_027,Korean Air,全服務航空 (FSC),,MXP,NRT,"10:00 PM on Sun, May 31","7:45 PM on Tue, Jun 2",2325,1,,36225.0,36225.0,1,TWD,MXP → 轉機(1次) → NRT,"MXP|10:00 PM on Sun, May 31|NRT|7:45 PM on Tue, Jun 2|38 小時 45 分鐘|轉機 1 次",2026-05-27,2026-05-31,Google Flights 爬蟲即時結果,"Flight(is_best=False, name='Korean Air', departure='10:00 PM on Sun, May 31', arrival='7:45 PM on Tue, Jun 2', arrival_time_ahead='+2', duration='38 hr 45 min', stops=1, delay=None, price='NT$36225')"
SCR_20260531_028,"Korean Air, Asiana Airlines",全服務航空 (FSC),,MXP,NRT,"10:00 PM on Sun, May 31","9:00 PM on Mon, Jun 1",960,1,,36873.0,36873.0,1,TWD,MXP → 轉機(1次) → NRT,"MXP|10:00 PM on Sun, May 31|NRT|9:00 PM on Mon, Jun 1|16 小時 0 分鐘|轉機 1 次",2026-05-27,2026-05-31,Google Flights 爬蟲即時結果,"Flight(is_best=False, name='Korean Air, Asiana Airlines', departure='10:00 PM on Sun, May 31', arrival='9:00 PM on Mon, Jun 1', arrival_time_ahead='+1', duration='16 hr', stops=1, delay=None, price='NT$36873')"
SCR_20260531_029,SWISS,全服務航空 (FSC),,MXP,NRT,"5:50 AM on Sun, May 31","9:10 AM on Mon, Jun 1",1220,1,,40212.0,40212.0,1,TWD,MXP → 轉機(1次) → NRT,"MXP|5:50 AM on Sun, May 31|NRT|9:10 AM on Mon, Jun 1|20 小時 20 分鐘|轉機 1 次",2026-05-27,2026-05-31,Google Flights 爬蟲即時結果,"Flight(is_best=False, name='SWISS', departure='5:50 AM on Sun, May 31', arrival='9:10 AM on Mon, Jun 1', arrival_time_ahead='+1', duration='20 hr 20 min', stops=1, delay=None, price='NT$40212')"
SCR_20260531_030,SWISS,全服務航空 (FSC),,MXP,NRT,"10:40 AM on Sun, May 31","9:10 AM on Mon, Jun 1",930,1,,40212.0,40212.0,1,TWD,MXP → 轉機(1次) → NRT,"MXP|10:40 AM on Sun, May 31|NRT|9:10 AM on Mon, Jun 1|15 小時 30 分鐘|轉機 1 次",2026-05-27,2026-05-31,Google Flights 爬蟲即時結果,"Flight(is_best=False, name='SWISS', departure='10:40 AM on Sun, May 31', arrival='9:10 AM on Mon, Jun 1', arrival_time_ahead='+1', duration='15 hr 30 min', stops=1, delay=None, price='NT$40212')"
SCR_20260531_031,SWISS,全服務航空 (FSC),,MXP,NRT,"7:25 PM on Sun, May 31","9:10 AM on Tue, Jun 2",1845,1,,40419.0,40419.0,1,TWD,MXP → 轉機(1次) → NRT,"MXP|7:25 PM on Sun, May 31|NRT|9:10 AM on Tue, Jun 2|30 小時 45 分鐘|轉機 1 次",2026-05-27,2026-05-31,Google Flights 爬蟲即時結果,"Flight(is_best=False, name='SWISS', departure='7:25 PM on Sun, May 31', arrival='9:10 AM on Tue, Jun 2', arrival_time_ahead='+2', duration='30 hr 45 min', stops=1, delay=None, price='NT$40419')"
SCR_20260531_032,Finnair,全服務航空 (FSC),,MXP,NRT,"10:20 AM on Sun, May 31","1:05 PM on Mon, Jun 1",1185,1,,42953.0,42953.0,1,TWD,MXP → 轉機(1次) → NRT,"MXP|10:20 AM on Sun, May 31|NRT|1:05 PM on Mon, Jun 1|19 小時 45 分鐘|轉機 1 次",2026-05-27,2026-05-31,Google Flights 爬蟲即時結果,"Flight(is_best=False, name='Finnair', departure='10:20 AM on Sun, May 31', arrival='1:05 PM on Mon, Jun 1', arrival_time_ahead='+1', duration='19 hr 45 min', stops=1, delay=None, price='NT$42953')"
SCR_20260531_033,LOT,全服務航空 (FSC),,MXP,NRT,"7:40 PM on Sun, May 31","6:25 PM on Mon, Jun 1",945,1,,44962.0,44962.0,1,TWD,MXP → 轉機(1次) → NRT,"MXP|7:40 PM on Sun, May 31|NRT|6:25 PM on Mon, Jun 1|15 小時 45 分鐘|轉機 1 次",2026-05-27,2026-05-31,Google Flights 爬蟲即時結果,"Flight(is_best=False, name='LOT', departure='7:40 PM on Sun, May 31', arrival='6:25 PM on Mon, Jun 1', arrival_time_ahead='+1', duration='15 hr 45 min', stops=1, delay=None, price='NT$44962')"
SCR_20260531_034,EVA Air,全服務航空 (FSC),,MXP,NRT,"11:15 AM on Sun, May 31","12:25 PM on Mon, Jun 1",1090,1,,25923.0,25923.0,1,TWD,MXP → 轉機(1次) → NRT,"MXP|11:15 AM on Sun, May 31|NRT|12:25 PM on Mon, Jun 1|18 小時 10 分鐘|轉機 1 次",2026-05-27,2026-05-31,Google Flights 爬蟲即時結果,"Flight(is_best=False, name='EVA Air', departure='11:15 AM on Sun, May 31', arrival='12:25 PM on Mon, Jun 1', arrival_time_ahead='+1', duration='18 hr 10 min', stops=1, delay=None, price='NT$25923')"
SCR_20260531_035,Cathay Pacific,全服務航空 (FSC),,MXP,NRT,"12:45 PM on Sun, May 31","1:40 PM on Mon, Jun 1",1075,1,,27255.0,27255.0,1,TWD,MXP → 轉機(1次) → NRT,"MXP|12:45 PM on Sun, May 31|NRT|1:40 PM on Mon, Jun 1|17 小時 55 分鐘|轉機 1 次",2026-05-27,2026-05-31,Google Flights 爬蟲即時結果,"Flight(is_best=False, name='Cathay Pacific', departure='12:45 PM on Sun, May 31', arrival='1:40 PM on Mon, Jun 1', arrival_time_ahead='+1', duration='17 hr 55 min', stops=1, delay=None, price='NT$27255')"
SCR_20260531_036,Qatar Airways,全服務航空 (FSC),,MXP,NRT,"10:55 AM on Sun, May 31","8:40 PM on Mon, Jun 1",1605,1,,25782.0,25782.0,1,TWD,MXP → 轉機(1次) → NRT,"MXP|10:55 AM on Sun, May 31|NRT|8:40 PM on Mon, Jun 1|26 小時 45 分鐘|轉機 1 次",2026-05-27,2026-05-31,Google Flights 爬蟲即時結果,"Flight(is_best=False, name='Qatar Airways', departure='10:55 AM on Sun, May 31', arrival='8:40 PM on Mon, Jun 1', arrival_time_ahead='+1', duration='26 hr 45 min', stops=1, delay=None, price='NT$25782')"
SCR_20260531_037,EVA Air,全服務航空 (FSC),,MXP,NRT,"11:15 AM on Sun, May 31","1:25 PM on Mon, Jun 1",1150,1,,25923.0,25923.0,1,TWD,MXP → 轉機(1次) → NRT,"MXP|11:15 AM on Sun, May 31|NRT|1:25 PM on Mon, Jun 1|19 小時 10 分鐘|轉機 1 次",2026-05-27,2026-05-31,Google Flights 爬蟲即時結果,"Flight(is_best=False, name='EVA Air', departure='11:15 AM on Sun, May 31', arrival='1:25 PM on Mon, Jun 1', arrival_time_ahead='+1', duration='19 hr 10 min', stops=1, delay=None, price='NT$25923')"
SCR_20260531_038,"Air France, Asiana Airlines",全服務航空 (FSC),,MXP,NRT,"6:45 AM on Sun, May 31","2:55 PM on Mon, Jun 1",1510,2,,26157.0,26157.0,1,TWD,MXP → 轉機(2次) → NRT,"MXP|6:45 AM on Sun, May 31|NRT|2:55 PM on Mon, Jun 1|25 小時 10 分鐘|轉機 2 次",2026-05-27,2026-05-31,Google Flights 爬蟲即時結果,"Flight(is_best=False, name='Air France, Asiana Airlines', departure='6:45 AM on Sun, May 31', arrival='2:55 PM on Mon, Jun 1', arrival_time_ahead='+1', duration='25 hr 10 min', stops=2, delay=None, price='NT$26157')"
SCR_20260531_039,"Air France, Korean Air",全服務航空 (FSC),,MXP,NRT,"6:45 AM on Sun, May 31","5:15 PM on Mon, Jun 1",1650,2,,26157.0,26157.0,1,TWD,MXP → 轉機(2次) → NRT,"MXP|6:45 AM on Sun, May 31|NRT|5:15 PM on Mon, Jun 1|27 小時 30 分鐘|轉機 2 次",2026-05-27,2026-05-31,Google Flights 爬蟲即時結果,"Flight(is_best=False, name='Air France, Korean Air', departure='6:45 AM on Sun, May 31', arrival='5:15 PM on Mon, Jun 1', arrival_time_ahead='+1', duration='27 hr 30 min', stops=2, delay=None, price='NT$26157')"
SCR_20260531_040,"Air France, Asiana Airlines",全服務航空 (FSC),,MXP,NRT,"11:40 AM on Sun, May 31","2:55 PM on Mon, Jun 1",1215,2,,26157.0,26157.0,1,TWD,MXP → 轉機(2次) → NRT,"MXP|11:40 AM on Sun, May 31|NRT|2:55 PM on Mon, Jun 1|20 小時 15 分鐘|轉機 2 次",2026-05-27,2026-05-31,Google Flights 爬蟲即時結果,"Flight(is_best=False, name='Air France, Asiana Airlines', departure='11:40 AM on Sun, May 31', arrival='2:55 PM on Mon, Jun 1', arrival_time_ahead='+1', duration='20 hr 15 min', stops=2, delay=None, price='NT$26157')"
SCR_20260531_041,"Air France, Korean Air",全服務航空 (FSC),,MXP,NRT,"11:40 AM on Sun, May 31","5:15 PM on Mon, Jun 1",1355,2,,26157.0,26157.0,1,TWD,MXP → 轉機(2次) → NRT,"MXP|11:40 AM on Sun, May 31|NRT|5:15 PM on Mon, Jun 1|22 小時 35 分鐘|轉機 2 次",2026-05-27,2026-05-31,Google Flights 爬蟲即時結果,"Flight(is_best=False, name='Air France, Korean Air', departure='11:40 AM on Sun, May 31', arrival='5:15 PM on Mon, Jun 1', arrival_time_ahead='+1', duration='22 hr 35 min', stops=2, delay=None, price='NT$26157')"
SCR_20260531_042,"Air France, Asiana Airlines",全服務航空 (FSC),,MXP,NRT,"11:40 AM on Sun, May 31","6:25 PM on Mon, Jun 1",1425,2,,26157.0,26157.0,1,TWD,MXP → 轉機(2次) → NRT,"MXP|11:40 AM on Sun, May 31|NRT|6:25 PM on Mon, Jun 1|23 小時 45 分鐘|轉機 2 次",2026-05-27,2026-05-31,Google Flights 爬蟲即時結果,"Flight(is_best=False, name='Air France, Asiana Airlines', departure='11:40 AM on Sun, May 31', arrival='6:25 PM on Mon, Jun 1', arrival_time_ahead='+1', duration='23 hr 45 min', stops=2, delay=None, price='NT$26157')"
SCR_20260531_043,"Air France, Asiana Airlines",全服務航空 (FSC),,MXP,NRT,"11:40 AM on Sun, May 31","9:00 PM on Mon, Jun 1",1580,2,,26157.0,26157.0,1,TWD,MXP → 轉機(2次) → NRT,"MXP|11:40 AM on Sun, May 31|NRT|9:00 PM on Mon, Jun 1|26 小時 20 分鐘|轉機 2 次",2026-05-27,2026-05-31,Google Flights 爬蟲即時結果,"Flight(is_best=False, name='Air France, Asiana Airlines', departure='11:40 AM on Sun, May 31', arrival='9:00 PM on Mon, Jun 1', arrival_time_ahead='+1', duration='26 hr 20 min', stops=2, delay=None, price='NT$26157')"
SCR_20260531_044,EVA Air,全服務航空 (FSC),,MXP,NRT,"11:15 AM on Sun, May 31","7:40 PM on Mon, Jun 1",1525,1,,26435.0,26435.0,1,TWD,MXP → 轉機(1次) → NRT,"MXP|11:15 AM on Sun, May 31|NRT|7:40 PM on Mon, Jun 1|25 小時 25 分鐘|轉機 1 次",2026-05-27,2026-05-31,Google Flights 爬蟲即時結果,"Flight(is_best=False, name='EVA Air', departure='11:15 AM on Sun, May 31', arrival='7:40 PM on Mon, Jun 1', arrival_time_ahead='+1', duration='25 hr 25 min', stops=1, delay=None, price='NT$26435')"
SCR_20260531_045,"Air France, KLM",全服務航空 (FSC),,MXP,NRT,"6:45 AM on Sun, May 31","10:25 AM on Mon, Jun 1",1240,2,,26614.0,26614.0,1,TWD,MXP → 轉機(2次) → NRT,"MXP|6:45 AM on Sun, May 31|NRT|10:25 AM on Mon, Jun 1|20 小時 40 分鐘|轉機 2 次",2026-05-27,2026-05-31,Google Flights 爬蟲即時結果,"Flight(is_best=False, name='Air France, KLM', departure='6:45 AM on Sun, May 31', arrival='10:25 AM on Mon, Jun 1', arrival_time_ahead='+1', duration='20 hr 40 min', stops=2, delay=None, price='NT$26614')"
SCR_20260531_046,Cathay Pacific,全服務航空 (FSC),,MXP,NRT,"12:45 PM on Sun, May 31","2:30 PM on Mon, Jun 1",1125,1,,27255.0,27255.0,1,TWD,MXP → 轉機(1次) → NRT,"MXP|12:45 PM on Sun, May 31|NRT|2:30 PM on Mon, Jun 1|18 小時 45 分鐘|轉機 1 次",2026-05-27,2026-05-31,Google Flights 爬蟲即時結果,"Flight(is_best=False, name='Cathay Pacific', departure='12:45 PM on Sun, May 31', arrival='2:30 PM on Mon, Jun 1', arrival_time_ahead='+1', duration='18 hr 45 min', stops=1, delay=None, price='NT$27255')"
SCR_20260531_047,"Cathay Pacific, JAL",全服務航空 (FSC),,MXP,NRT,"12:45 PM on Sun, May 31","3:55 PM on Mon, Jun 1",1210,1,,27255.0,27255.0,1,TWD,MXP → 轉機(1次) → NRT,"MXP|12:45 PM on Sun, May 31|NRT|3:55 PM on Mon, Jun 1|20 小時 10 分鐘|轉機 1 次",2026-05-27,2026-05-31,Google Flights 爬蟲即時結果,"Flight(is_best=False, name='Cathay Pacific, JAL', departure='12:45 PM on Sun, May 31', arrival='3:55 PM on Mon, Jun 1', arrival_time_ahead='+1', duration='20 hr 10 min', stops=1, delay=None, price='NT$27255')"
SCR_20260531_048,Cathay Pacific,全服務航空 (FSC),,MXP,NRT,"12:45 PM on Sun, May 31","4:05 PM on Mon, Jun 1",1220,1,,27255.0,27255.0,1,TWD,MXP → 轉機(1次) → NRT,"MXP|12:45 PM on Sun, May 31|NRT|4:05 PM on Mon, Jun 1|20 小時 20 分鐘|轉機 1 次",2026-05-27,2026-05-31,Google Flights 爬蟲即時結果,"Flight(is_best=False, name='Cathay Pacific', departure='12:45 PM on Sun, May 31', arrival='4:05 PM on Mon, Jun 1', arrival_time_ahead='+1', duration='20 hr 20 min', stops=1, delay=None, price='NT$27255')"
SCR_20260531_049,Cathay Pacific,全服務航空 (FSC),,MXP,NRT,"12:45 PM on Sun, May 31","6:50 AM on Tue, Jun 2",2105,1,,27255.0,27255.0,1,TWD,MXP → 轉機(1次) → NRT,"MXP|12:45 PM on Sun, May 31|NRT|6:50 AM on Tue, Jun 2|35 小時 5 分鐘|轉機 1 次",2026-05-27,2026-05-31,Google Flights 爬蟲即時結果,"Flight(is_best=False, name='Cathay Pacific', departure='12:45 PM on Sun, May 31', arrival='6:50 AM on Tue, Jun 2', arrival_time_ahead='+2', duration='35 hr 5 min', stops=1, delay=None, price='NT$27255')"
SCR_20260531_050,Cathay Pacific,全服務航空 (FSC),,MXP,NRT,"12:45 PM on Sun, May 31","5:15 PM on Mon, Jun 1",1290,2,,29159.0,29159.0,1,TWD,MXP → 轉機(2次) → NRT,"MXP|12:45 PM on Sun, May 31|NRT|5:15 PM on Mon, Jun 1|21 小時 30 分鐘|轉機 2 次",2026-05-27,2026-05-31,Google Flights 爬蟲即時結果,"Flight(is_best=False, name='Cathay Pacific', departure='12:45 PM on Sun, May 31', arrival='5:15 PM on Mon, Jun 1', arrival_time_ahead='+1', duration='21 hr 30 min', stops=2, delay=None, price='NT$29159')"
SCR_20260531_051,Cathay Pacific,全服務航空 (FSC),,MXP,NRT,"12:45 PM on Sun, May 31","5:15 PM on Mon, Jun 1",1290,2,,29159.0,29159.0,1,TWD,MXP → 轉機(2次) → NRT,"MXP|12:45 PM on Sun, May 31|NRT|5:15 PM on Mon, Jun 1|21 小時 30 分鐘|轉機 2 次",2026-05-27,2026-05-31,Google Flights 爬蟲即時結果,"Flight(is_best=False, name='Cathay Pacific', departure='12:45 PM on Sun, May 31', arrival='5:15 PM on Mon, Jun 1', arrival_time_ahead='+1', duration='21 hr 30 min', stops=2, delay=None, price='NT$29159')"
SCR_20260531_052,Cathay Pacific,全服務航空 (FSC),,MXP,NRT,"12:45 PM on Sun, May 31","5:15 PM on Mon, Jun 1",1290,2,,29159.0,29159.0,1,TWD,MXP → 轉機(2次) → NRT,"MXP|12:45 PM on Sun, May 31|NRT|5:15 PM on Mon, Jun 1|21 小時 30 分鐘|轉機 2 次",2026-05-27,2026-05-31,Google Flights 爬蟲即時結果,"Flight(is_best=False, name='Cathay Pacific', departure='12:45 PM on Sun, May 31', arrival='5:15 PM on Mon, Jun 1', arrival_time_ahead='+1', duration='21 hr 30 min', stops=2, delay=None, price='NT$29159')"
SCR_20260531_053,Cathay Pacific,全服務航空 (FSC),,MXP,NRT,"12:45 PM on Sun, May 31","5:15 PM on Mon, Jun 1",1290,2,,29159.0,29159.0,1,TWD,MXP → 轉機(2次) → NRT,"MXP|12:45 PM on Sun, May 31|NRT|5:15 PM on Mon, Jun 1|21 小時 30 分鐘|轉機 2 次",2026-05-27,2026-05-31,Google Flights 爬蟲即時結果,"Flight(is_best=False, name='Cathay Pacific', departure='12:45 PM on Sun, May 31', arrival='5:15 PM on Mon, Jun 1', arrival_time_ahead='+1', duration='21 hr 30 min', stops=2, delay=None, price='NT$29159')"
SCR_20260531_054,THAI,廉航 (LCC),,MXP,NRT,"2:05 PM on Sun, May 31","8:10 AM on Tue, Jun 2",2105,1,,31571.0,31571.0,1,TWD,MXP → 轉機(1次) → NRT,"MXP|2:05 PM on Sun, May 31|NRT|8:10 AM on Tue, Jun 2|35 小時 5 分鐘|轉機 1 次",2026-05-27,2026-05-31,Google Flights 爬蟲即時結果,"Flight(is_best=False, name='THAI', departure='2:05 PM on Sun, May 31', arrival='8:10 AM on Tue, Jun 2', arrival_time_ahead='+2', duration='35 hr 5 min', stops=1, delay=None, price='NT$31571')"
SCR_20260531_055,Korean Air,全服務航空 (FSC),,MXP,NRT,"10:00 PM on Sun, May 31","9:05 PM on Mon, Jun 1",965,1,,36215.0,36215.0,1,TWD,MXP → 轉機(1次) → NRT,"MXP|10:00 PM on Sun, May 31|NRT|9:05 PM on Mon, Jun 1|16 小時 5 分鐘|轉機 1 次",2026-05-27,2026-05-31,Google Flights 爬蟲即時結果,"Flight(is_best=False, name='Korean Air', departure='10:00 PM on Sun, May 31', arrival='9:05 PM on Mon, Jun 1', arrival_time_ahead='+1', duration='16 hr 5 min', stops=1, delay=None, price='NT$36215')"
SCR_20260531_056,Korean Air,全服務航空 (FSC),,MXP,NRT,"10:00 PM on Sun, May 31","12:40 PM on Tue, Jun 2",1900,1,,36215.0,36215.0,1,TWD,MXP → 轉機(1次) → NRT,"MXP|10:00 PM on Sun, May 31|NRT|12:40 PM on Tue, Jun 2|31 小時 40 分鐘|轉機 1 次",2026-05-27,2026-05-31,Google Flights 爬蟲即時結果,"Flight(is_best=False, name='Korean Air', departure='10:00 PM on Sun, May 31', arrival='12:40 PM on Tue, Jun 2', arrival_time_ahead='+2', duration='31 hr 40 min', stops=1, delay=None, price='NT$36215')"
SCR_20260531_057,Korean Air,全服務航空 (FSC),,MXP,NRT,"10:00 PM on Sun, May 31","3:35 PM on Tue, Jun 2",2075,1,,36215.0,36215.0,1,TWD,MXP → 轉機(1次) → NRT,"MXP|10:00 PM on Sun, May 31|NRT|3:35 PM on Tue, Jun 2|34 小時 35 分鐘|轉機 1 次",2026-05-27,2026-05-31,Google Flights 爬蟲即時結果,"Flight(is_best=False, name='Korean Air', departure='10:00 PM on Sun, May 31', arrival='3:35 PM on Tue, Jun 2', arrival_time_ahead='+2', duration='34 hr 35 min', stops=1, delay=None, price='NT$36215')"
SCR_20260531_058,Korean Air,全服務航空 (FSC),,MXP,NRT,"10:00 PM on Sun, May 31","5:15 PM on Tue, Jun 2",2175,1,,36215.0,36215.0,1,TWD,MXP → 轉機(1次) → NRT,"MXP|10:00 PM on Sun, May 31|NRT|5:15 PM on Tue, Jun 2|36 小時 15 分鐘|轉機 1 次",2026-05-27,2026-05-31,Google Flights 爬蟲即時結果,"Flight(is_best=False, name='Korean Air', departure='10:00 PM on Sun, May 31', arrival='5:15 PM on Tue, Jun 2', arrival_time_ahead='+2', duration='36 hr 15 min', stops=1, delay=None, price='NT$36215')"
SCR_20260531_059,Korean Air,全服務航空 (FSC),,MXP,NRT,"10:00 PM on Sun, May 31","7:45 PM on Tue, Jun 2",2325,1,,36225.0,36225.0,1,TWD,MXP → 轉機(1次) → NRT,"MXP|10:00 PM on Sun, May 31|NRT|7:45 PM on Tue, Jun 2|38 小時 45 分鐘|轉機 1 次",2026-05-27,2026-05-31,Google Flights 爬蟲即時結果,"Flight(is_best=False, name='Korean Air', departure='10:00 PM on Sun, May 31', arrival='7:45 PM on Tue, Jun 2', arrival_time_ahead='+2', duration='38 hr 45 min', stops=1, delay=None, price='NT$36225')"
SCR_20260531_060,"Korean Air, Asiana Airlines",全服務航空 (FSC),,MXP,NRT,"10:00 PM on Sun, May 31","9:00 PM on Mon, Jun 1",960,1,,36873.0,36873.0,1,TWD,MXP → 轉機(1次) → NRT,"MXP|10:00 PM on Sun, May 31|NRT|9:00 PM on Mon, Jun 1|16 小時 0 分鐘|轉機 1 次",2026-05-27,2026-05-31,Google Flights 爬蟲即時結果,"Flight(is_best=False, name='Korean Air, Asiana Airlines', departure='10:00 PM on Sun, May 31', arrival='9:00 PM on Mon, Jun 1', arrival_time_ahead='+1', duration='16 hr', stops=1, delay=None, price='NT$36873')"
SCR_20260531_061,SWISS,全服務航空 (FSC),,MXP,NRT,"5:50 AM on Sun, May 31","9:10 AM on Mon, Jun 1",1220,1,,40212.0,40212.0,1,TWD,MXP → 轉機(1次) → NRT,"MXP|5:50 AM on Sun, May 31|NRT|9:10 AM on Mon, Jun 1|20 小時 20 分鐘|轉機 1 次",2026-05-27,2026-05-31,Google Flights 爬蟲即時結果,"Flight(is_best=False, name='SWISS', departure='5:50 AM on Sun, May 31', arrival='9:10 AM on Mon, Jun 1', arrival_time_ahead='+1', duration='20 hr 20 min', stops=1, delay=None, price='NT$40212')"
SCR_20260531_062,SWISS,全服務航空 (FSC),,MXP,NRT,"10:40 AM on Sun, May 31","9:10 AM on Mon, Jun 1",930,1,,40212.0,40212.0,1,TWD,MXP → 轉機(1次) → NRT,"MXP|10:40 AM on Sun, May 31|NRT|9:10 AM on Mon, Jun 1|15 小時 30 分鐘|轉機 1 次",2026-05-27,2026-05-31,Google Flights 爬蟲即時結果,"Flight(is_best=False, name='SWISS', departure='10:40 AM on Sun, May 31', arrival='9:10 AM on Mon, Jun 1', arrival_time_ahead='+1', duration='15 hr 30 min', stops=1, delay=None, price='NT$40212')"
SCR_20260531_063,SWISS,全服務航空 (FSC),,MXP,NRT,"7:25 PM on Sun, May 31","9:10 AM on Tue, Jun 2",1845,1,,40419.0,40419.0,1,TWD,MXP → 轉機(1次) → NRT,"MXP|7:25 PM on Sun, May 31|NRT|9:10 AM on Tue, Jun 2|30 小時 45 分鐘|轉機 1 次",2026-05-27,2026-05-31,Google Flights 爬蟲即時結果,"Flight(is_best=False, name='SWISS', departure='7:25 PM on Sun, May 31', arrival='9:10 AM on Tue, Jun 2', arrival_time_ahead='+2', duration='30 hr 45 min', stops=1, delay=None, price='NT$40419')"
SCR_20260531_064,Finnair,全服務航空 (FSC),,MXP,NRT,"10:20 AM on Sun, May 31","1:05 PM on Mon, Jun 1",1185,1,,42953.0,42953.0,1,TWD,MXP → 轉機(1次) → NRT,"MXP|10:20 AM on Sun, May 31|NRT|1:05 PM on Mon, Jun 1|19 小時 45 分鐘|轉機 1 次",2026-05-27,2026-05-31,Google Flights 爬蟲即時結果,"Flight(is_best=False, name='Finnair', departure='10:20 AM on Sun, May 31', arrival='1:05 PM on Mon, Jun 1', arrival_time_ahead='+1', duration='19 hr 45 min', stops=1, delay=None, price='NT$42953')"
SCR_20260531_065,LOT,全服務航空 (FSC),,MXP,NRT,"7:40 PM on Sun, May 31","6:25 PM on Mon, Jun 1",945,1,,44962.0,44962.0,1,TWD,MXP → 轉機(1次) → NRT,"MXP|7:40 PM on Sun, May 31|NRT|6:25 PM on Mon, Jun 1|15 小時 45 分鐘|轉機 1 次",2026-05-27,2026-05-31,Google Flights 爬蟲即時結果,"Flight(is_best=False, name='LOT', departure='7:40 PM on Sun, May 31', arrival='6:25 PM on Mon, Jun 1', arrival_time_ahead='+1', duration='15 hr 45 min', stops=1, delay=None, price='NT$44962')"
SCR_20260601_001,Qatar Airways,全服務航空 (FSC),,MXP,NRT,"4:15 PM on Mon, Jun 1","8:40 PM on Tue, Jun 2",1285,1,,23515.0,23515.0,1,TWD,MXP → 轉機(1次) → NRT,"MXP|4:15 PM on Mon, Jun 1|NRT|8:40 PM on Tue, Jun 2|21 小時 25 分鐘|轉機 1 次",2026-05-27,2026-06-01,Google Flights 爬蟲即時結果,"Flight(is_best=True, name='Qatar Airways', departure='4:15 PM on Mon, Jun 1', arrival='8:40 PM on Tue, Jun 2', arrival_time_ahead='+1', duration='21 hr 25 min', stops=1, delay=None, price='NT$23515')"
SCR_20260601_002,Cathay Pacific,全服務航空 (FSC),,MXP,NRT,"12:45 PM on Mon, Jun 1","1:40 PM on Tue, Jun 2",1075,1,,27255.0,27255.0,1,TWD,MXP → 轉機(1次) → NRT,"MXP|12:45 PM on Mon, Jun 1|NRT|1:40 PM on Tue, Jun 2|17 小時 55 分鐘|轉機 1 次",2026-05-27,2026-06-01,Google Flights 爬蟲即時結果,"Flight(is_best=True, name='Cathay Pacific', departure='12:45 PM on Mon, Jun 1', arrival='1:40 PM on Tue, Jun 2', arrival_time_ahead='+1', duration='17 hr 55 min', stops=1, delay=None, price='NT$27255')"
SCR_20260601_003,THAI,廉航 (LCC),,MXP,NRT,"2:05 PM on Mon, Jun 1","3:55 PM on Tue, Jun 2",1130,1,,30830.0,30830.0,1,TWD,MXP → 轉機(1次) → NRT,"MXP|2:05 PM on Mon, Jun 1|NRT|3:55 PM on Tue, Jun 2|18 小時 50 分鐘|轉機 1 次",2026-05-27,2026-06-01,Google Flights 爬蟲即時結果,"Flight(is_best=True, name='THAI', departure='2:05 PM on Mon, Jun 1', arrival='3:55 PM on Tue, Jun 2', arrival_time_ahead='+1', duration='18 hr 50 min', stops=1, delay=None, price='NT$30830')"
SCR_20260601_004,Qatar Airways,全服務航空 (FSC),,MXP,NRT,"10:55 AM on Mon, Jun 1","8:40 PM on Tue, Jun 2",1605,1,,23515.0,23515.0,1,TWD,MXP → 轉機(1次) → NRT,"MXP|10:55 AM on Mon, Jun 1|NRT|8:40 PM on Tue, Jun 2|26 小時 45 分鐘|轉機 1 次",2026-05-27,2026-06-01,Google Flights 爬蟲即時結果,"Flight(is_best=False, name='Qatar Airways', departure='10:55 AM on Mon, Jun 1', arrival='8:40 PM on Tue, Jun 2', arrival_time_ahead='+1', duration='26 hr 45 min', stops=1, delay=None, price='NT$23515')"
SCR_20260601_005,Qatar Airways,全服務航空 (FSC),,MXP,NRT,"4:15 PM on Mon, Jun 1","12:55 PM on Wed, Jun 3",2260,1,,23597.0,23597.0,1,TWD,MXP → 轉機(1次) → NRT,"MXP|4:15 PM on Mon, Jun 1|NRT|12:55 PM on Wed, Jun 3|37 小時 40 分鐘|轉機 1 次",2026-05-27,2026-06-01,Google Flights 爬蟲即時結果,"Flight(is_best=False, name='Qatar Airways', departure='4:15 PM on Mon, Jun 1', arrival='12:55 PM on Wed, Jun 3', arrival_time_ahead='+2', duration='37 hr 40 min', stops=1, delay=None, price='NT$23597')"
SCR_20260601_006,Qatar Airways,全服務航空 (FSC),,MXP,NRT,"10:55 AM on Mon, Jun 1","12:55 PM on Wed, Jun 3",2580,1,,25389.0,25389.0,1,TWD,MXP → 轉機(1次) → NRT,"MXP|10:55 AM on Mon, Jun 1|NRT|12:55 PM on Wed, Jun 3|43 小時 0 分鐘|轉機 1 次",2026-05-27,2026-06-01,Google Flights 爬蟲即時結果,"Flight(is_best=False, name='Qatar Airways', departure='10:55 AM on Mon, Jun 1', arrival='12:55 PM on Wed, Jun 3', arrival_time_ahead='+2', duration='43 hr', stops=1, delay=None, price='NT$25389')"
SCR_20260601_007,"Air France, Asiana Airlines",全服務航空 (FSC),,MXP,NRT,"6:45 AM on Mon, Jun 1","2:55 PM on Tue, Jun 2",1510,2,,26157.0,26157.0,1,TWD,MXP → 轉機(2次) → NRT,"MXP|6:45 AM on Mon, Jun 1|NRT|2:55 PM on Tue, Jun 2|25 小時 10 分鐘|轉機 2 次",2026-05-27,2026-06-01,Google Flights 爬蟲即時結果,"Flight(is_best=False, name='Air France, Asiana Airlines', departure='6:45 AM on Mon, Jun 1', arrival='2:55 PM on Tue, Jun 2', arrival_time_ahead='+1', duration='25 hr 10 min', stops=2, delay=None, price='NT$26157')"
SCR_20260601_008,"Air France, Korean Air",全服務航空 (FSC),,MXP,NRT,"6:45 AM on Mon, Jun 1","5:15 PM on Tue, Jun 2",1650,2,,26157.0,26157.0,1,TWD,MXP → 轉機(2次) → NRT,"MXP|6:45 AM on Mon, Jun 1|NRT|5:15 PM on Tue, Jun 2|27 小時 30 分鐘|轉機 2 次",2026-05-27,2026-06-01,Google Flights 爬蟲即時結果,"Flight(is_best=False, name='Air France, Korean Air', departure='6:45 AM on Mon, Jun 1', arrival='5:15 PM on Tue, Jun 2', arrival_time_ahead='+1', duration='27 hr 30 min', stops=2, delay=None, price='NT$26157')"
SCR_20260601_009,"Air France, Asiana Airlines",全服務航空 (FSC),,MXP,NRT,"9:15 AM on Mon, Jun 1","2:55 PM on Tue, Jun 2",1360,2,,26157.0,26157.0,1,TWD,MXP → 轉機(2次) → NRT,"MXP|9:15 AM on Mon, Jun 1|NRT|2:55 PM on Tue, Jun 2|22 小時 40 分鐘|轉機 2 次",2026-05-27,2026-06-01,Google Flights 爬蟲即時結果,"Flight(is_best=False, name='Air France, Asiana Airlines', departure='9:15 AM on Mon, Jun 1', arrival='2:55 PM on Tue, Jun 2', arrival_time_ahead='+1', duration='22 hr 40 min', stops=2, delay=None, price='NT$26157')"
SCR_20260601_010,"Air France, Korean Air",全服務航空 (FSC),,MXP,NRT,"9:15 AM on Mon, Jun 1","5:15 PM on Tue, Jun 2",1500,2,,26157.0,26157.0,1,TWD,MXP → 轉機(2次) → NRT,"MXP|9:15 AM on Mon, Jun 1|NRT|5:15 PM on Tue, Jun 2|25 小時 0 分鐘|轉機 2 次",2026-05-27,2026-06-01,Google Flights 爬蟲即時結果,"Flight(is_best=False, name='Air France, Korean Air', departure='9:15 AM on Mon, Jun 1', arrival='5:15 PM on Tue, Jun 2', arrival_time_ahead='+1', duration='25 hr', stops=2, delay=None, price='NT$26157')"
SCR_20260601_011,"Air France, Asiana Airlines",全服務航空 (FSC),,MXP,NRT,"9:15 AM on Mon, Jun 1","6:25 PM on Tue, Jun 2",1570,2,,26157.0,26157.0,1,TWD,MXP → 轉機(2次) → NRT,"MXP|9:15 AM on Mon, Jun 1|NRT|6:25 PM on Tue, Jun 2|26 小時 10 分鐘|轉機 2 次",2026-05-27,2026-06-01,Google Flights 爬蟲即時結果,"Flight(is_best=False, name='Air France, Asiana Airlines', departure='9:15 AM on Mon, Jun 1', arrival='6:25 PM on Tue, Jun 2', arrival_time_ahead='+1', duration='26 hr 10 min', stops=2, delay=None, price='NT$26157')"
SCR_20260601_012,"Air France, Asiana Airlines",全服務航空 (FSC),,MXP,NRT,"11:25 AM on Mon, Jun 1","2:55 PM on Tue, Jun 2",1230,2,,26157.0,26157.0,1,TWD,MXP → 轉機(2次) → NRT,"MXP|11:25 AM on Mon, Jun 1|NRT|2:55 PM on Tue, Jun 2|20 小時 30 分鐘|轉機 2 次",2026-05-27,2026-06-01,Google Flights 爬蟲即時結果,"Flight(is_best=False, name='Air France, Asiana Airlines', departure='11:25 AM on Mon, Jun 1', arrival='2:55 PM on Tue, Jun 2', arrival_time_ahead='+1', duration='20 hr 30 min', stops=2, delay=None, price='NT$26157')"
SCR_20260601_013,"Air France, Korean Air",全服務航空 (FSC),,MXP,NRT,"11:25 AM on Mon, Jun 1","5:15 PM on Tue, Jun 2",1370,2,,26157.0,26157.0,1,TWD,MXP → 轉機(2次) → NRT,"MXP|11:25 AM on Mon, Jun 1|NRT|5:15 PM on Tue, Jun 2|22 小時 50 分鐘|轉機 2 次",2026-05-27,2026-06-01,Google Flights 爬蟲即時結果,"Flight(is_best=False, name='Air France, Korean Air', departure='11:25 AM on Mon, Jun 1', arrival='5:15 PM on Tue, Jun 2', arrival_time_ahead='+1', duration='22 hr 50 min', stops=2, delay=None, price='NT$26157')"
SCR_20260601_014,"Air France, Asiana Airlines",全服務航空 (FSC),,MXP,NRT,"11:25 AM on Mon, Jun 1","6:25 PM on Tue, Jun 2",1440,2,,26157.0,26157.0,1,TWD,MXP → 轉機(2次) → NRT,"MXP|11:25 AM on Mon, Jun 1|NRT|6:25 PM on Tue, Jun 2|24 小時 0 分鐘|轉機 2 次",2026-05-27,2026-06-01,Google Flights 爬蟲即時結果,"Flight(is_best=False, name='Air France, Asiana Airlines', departure='11:25 AM on Mon, Jun 1', arrival='6:25 PM on Tue, Jun 2', arrival_time_ahead='+1', duration='24 hr', stops=2, delay=None, price='NT$26157')"
SCR_20260601_015,"Air France, Asiana Airlines",全服務航空 (FSC),,MXP,NRT,"11:25 AM on Mon, Jun 1","9:00 PM on Tue, Jun 2",1595,2,,26157.0,26157.0,1,TWD,MXP → 轉機(2次) → NRT,"MXP|11:25 AM on Mon, Jun 1|NRT|9:00 PM on Tue, Jun 2|26 小時 35 分鐘|轉機 2 次",2026-05-27,2026-06-01,Google Flights 爬蟲即時結果,"Flight(is_best=False, name='Air France, Asiana Airlines', departure='11:25 AM on Mon, Jun 1', arrival='9:00 PM on Tue, Jun 2', arrival_time_ahead='+1', duration='26 hr 35 min', stops=2, delay=None, price='NT$26157')"
SCR_20260601_016,"Air France, KLM",全服務航空 (FSC),,MXP,NRT,"6:45 AM on Mon, Jun 1","10:25 AM on Tue, Jun 2",1240,2,,26614.0,26614.0,1,TWD,MXP → 轉機(2次) → NRT,"MXP|6:45 AM on Mon, Jun 1|NRT|10:25 AM on Tue, Jun 2|20 小時 40 分鐘|轉機 2 次",2026-05-27,2026-06-01,Google Flights 爬蟲即時結果,"Flight(is_best=False, name='Air France, KLM', departure='6:45 AM on Mon, Jun 1', arrival='10:25 AM on Tue, Jun 2', arrival_time_ahead='+1', duration='20 hr 40 min', stops=2, delay=None, price='NT$26614')"
SCR_20260601_017,Cathay Pacific,全服務航空 (FSC),,MXP,NRT,"12:45 PM on Mon, Jun 1","2:30 PM on Tue, Jun 2",1125,1,,27255.0,27255.0,1,TWD,MXP → 轉機(1次) → NRT,"MXP|12:45 PM on Mon, Jun 1|NRT|2:30 PM on Tue, Jun 2|18 小時 45 分鐘|轉機 1 次",2026-05-27,2026-06-01,Google Flights 爬蟲即時結果,"Flight(is_best=False, name='Cathay Pacific', departure='12:45 PM on Mon, Jun 1', arrival='2:30 PM on Tue, Jun 2', arrival_time_ahead='+1', duration='18 hr 45 min', stops=1, delay=None, price='NT$27255')"
SCR_20260601_018,"Cathay Pacific, JAL",全服務航空 (FSC),,MXP,NRT,"12:45 PM on Mon, Jun 1","3:55 PM on Tue, Jun 2",1210,1,,27255.0,27255.0,1,TWD,MXP → 轉機(1次) → NRT,"MXP|12:45 PM on Mon, Jun 1|NRT|3:55 PM on Tue, Jun 2|20 小時 10 分鐘|轉機 1 次",2026-05-27,2026-06-01,Google Flights 爬蟲即時結果,"Flight(is_best=False, name='Cathay Pacific, JAL', departure='12:45 PM on Mon, Jun 1', arrival='3:55 PM on Tue, Jun 2', arrival_time_ahead='+1', duration='20 hr 10 min', stops=1, delay=None, price='NT$27255')"
SCR_20260601_019,Cathay Pacific,全服務航空 (FSC),,MXP,NRT,"12:45 PM on Mon, Jun 1","4:05 PM on Tue, Jun 2",1220,1,,27255.0,27255.0,1,TWD,MXP → 轉機(1次) → NRT,"MXP|12:45 PM on Mon, Jun 1|NRT|4:05 PM on Tue, Jun 2|20 小時 20 分鐘|轉機 1 次",2026-05-27,2026-06-01,Google Flights 爬蟲即時結果,"Flight(is_best=False, name='Cathay Pacific', departure='12:45 PM on Mon, Jun 1', arrival='4:05 PM on Tue, Jun 2', arrival_time_ahead='+1', duration='20 hr 20 min', stops=1, delay=None, price='NT$27255')"
SCR_20260601_020,Cathay Pacific,全服務航空 (FSC),,MXP,NRT,"12:45 PM on Mon, Jun 1","8:50 PM on Tue, Jun 2",1505,1,,27255.0,27255.0,1,TWD,MXP → 轉機(1次) → NRT,"MXP|12:45 PM on Mon, Jun 1|NRT|8:50 PM on Tue, Jun 2|25 小時 5 分鐘|轉機 1 次",2026-05-27,2026-06-01,Google Flights 爬蟲即時結果,"Flight(is_best=False, name='Cathay Pacific', departure='12:45 PM on Mon, Jun 1', arrival='8:50 PM on Tue, Jun 2', arrival_time_ahead='+1', duration='25 hr 5 min', stops=1, delay=None, price='NT$27255')"
SCR_20260601_021,Cathay Pacific,全服務航空 (FSC),,MXP,NRT,"12:45 PM on Mon, Jun 1","6:50 AM on Wed, Jun 3",2105,1,,27255.0,27255.0,1,TWD,MXP → 轉機(1次) → NRT,"MXP|12:45 PM on Mon, Jun 1|NRT|6:50 AM on Wed, Jun 3|35 小時 5 分鐘|轉機 1 次",2026-05-27,2026-06-01,Google Flights 爬蟲即時結果,"Flight(is_best=False, name='Cathay Pacific', departure='12:45 PM on Mon, Jun 1', arrival='6:50 AM on Wed, Jun 3', arrival_time_ahead='+2', duration='35 hr 5 min', stops=1, delay=None, price='NT$27255')"
SCR_20260601_022,Cathay Pacific,全服務航空 (FSC),,MXP,NRT,"12:45 PM on Mon, Jun 1","5:15 PM on Tue, Jun 2",1290,2,,29159.0,29159.0,1,TWD,MXP → 轉機(2次) → NRT,"MXP|12:45 PM on Mon, Jun 1|NRT|5:15 PM on Tue, Jun 2|21 小時 30 分鐘|轉機 2 次",2026-05-27,2026-06-01,Google Flights 爬蟲即時結果,"Flight(is_best=False, name='Cathay Pacific', departure='12:45 PM on Mon, Jun 1', arrival='5:15 PM on Tue, Jun 2', arrival_time_ahead='+1', duration='21 hr 30 min', stops=2, delay=None, price='NT$29159')"
SCR_20260601_023,Cathay Pacific,全服務航空 (FSC),,MXP,NRT,"12:45 PM on Mon, Jun 1","5:15 PM on Tue, Jun 2",1290,2,,29159.0,29159.0,1,TWD,MXP → 轉機(2次) → NRT,"MXP|12:45 PM on Mon, Jun 1|NRT|5:15 PM on Tue, Jun 2|21 小時 30 分鐘|轉機 2 次",2026-05-27,2026-06-01,Google Flights 爬蟲即時結果,"Flight(is_best=False, name='Cathay Pacific', departure='12:45 PM on Mon, Jun 1', arrival='5:15 PM on Tue, Jun 2', arrival_time_ahead='+1', duration='21 hr 30 min', stops=2, delay=None, price='NT$29159')"
SCR_20260601_024,Cathay Pacific,全服務航空 (FSC),,MXP,NRT,"12:45 PM on Mon, Jun 1","5:15 PM on Tue, Jun 2",1290,2,,29159.0,29159.0,1,TWD,MXP → 轉機(2次) → NRT,"MXP|12:45 PM on Mon, Jun 1|NRT|5:15 PM on Tue, Jun 2|21 小時 30 分鐘|轉機 2 次",2026-05-27,2026-06-01,Google Flights 爬蟲即時結果,"Flight(is_best=False, name='Cathay Pacific', departure='12:45 PM on Mon, Jun 1', arrival='5:15 PM on Tue, Jun 2', arrival_time_ahead='+1', duration='21 hr 30 min', stops=2, delay=None, price='NT$29159')"
SCR_20260601_025,"Brussels Airlines, Hainan",未知,,MXP,NRT,"8:35 AM on Mon, Jun 1","11:55 AM on Tue, Jun 2",1220,2,,31276.0,31276.0,1,TWD,MXP → 轉機(2次) → NRT,"MXP|8:35 AM on Mon, Jun 1|NRT|11:55 AM on Tue, Jun 2|20 小時 20 分鐘|轉機 2 次",2026-05-27,2026-06-01,Google Flights 爬蟲即時結果,"Flight(is_best=False, name='Brussels Airlines, Hainan', departure='8:35 AM on Mon, Jun 1', arrival='11:55 AM on Tue, Jun 2', arrival_time_ahead='+1', duration='20 hr 20 min', stops=2, delay=None, price='NT$31276')"
SCR_20260601_026,THAI,廉航 (LCC),,MXP,NRT,"2:05 PM on Mon, Jun 1","8:10 AM on Wed, Jun 3",2105,1,,31571.0,31571.0,1,TWD,MXP → 轉機(1次) → NRT,"MXP|2:05 PM on Mon, Jun 1|NRT|8:10 AM on Wed, Jun 3|35 小時 5 分鐘|轉機 1 次",2026-05-27,2026-06-01,Google Flights 爬蟲即時結果,"Flight(is_best=False, name='THAI', departure='2:05 PM on Mon, Jun 1', arrival='8:10 AM on Wed, Jun 3', arrival_time_ahead='+2', duration='35 hr 5 min', stops=1, delay=None, price='NT$31571')"
SCR_20260601_027,EVA Air,全服務航空 (FSC),,MXP,NRT,"11:15 AM on Mon, Jun 1","12:25 PM on Tue, Jun 2",1090,1,,34478.0,34478.0,1,TWD,MXP → 轉機(1次) → NRT,"MXP|11:15 AM on Mon, Jun 1|NRT|12:25 PM on Tue, Jun 2|18 小時 10 分鐘|轉機 1 次",2026-05-27,2026-06-01,Google Flights 爬蟲即時結果,"Flight(is_best=False, name='EVA Air', departure='11:15 AM on Mon, Jun 1', arrival='12:25 PM on Tue, Jun 2', arrival_time_ahead='+1', duration='18 hr 10 min', stops=1, delay=None, price='NT$34478')"
SCR_20260601_028,EVA Air,全服務航空 (FSC),,MXP,NRT,"11:15 AM on Mon, Jun 1","1:25 PM on Tue, Jun 2",1150,1,,34478.0,34478.0,1,TWD,MXP → 轉機(1次) → NRT,"MXP|11:15 AM on Mon, Jun 1|NRT|1:25 PM on Tue, Jun 2|19 小時 10 分鐘|轉機 1 次",2026-05-27,2026-06-01,Google Flights 爬蟲即時結果,"Flight(is_best=False, name='EVA Air', departure='11:15 AM on Mon, Jun 1', arrival='1:25 PM on Tue, Jun 2', arrival_time_ahead='+1', duration='19 hr 10 min', stops=1, delay=None, price='NT$34478')"
SCR_20260601_029,EVA Air,全服務航空 (FSC),,MXP,NRT,"11:15 AM on Mon, Jun 1","7:40 PM on Tue, Jun 2",1525,1,,35245.0,35245.0,1,TWD,MXP → 轉機(1次) → NRT,"MXP|11:15 AM on Mon, Jun 1|NRT|7:40 PM on Tue, Jun 2|25 小時 25 分鐘|轉機 1 次",2026-05-27,2026-06-01,Google Flights 爬蟲即時結果,"Flight(is_best=False, name='EVA Air', departure='11:15 AM on Mon, Jun 1', arrival='7:40 PM on Tue, Jun 2', arrival_time_ahead='+1', duration='25 hr 25 min', stops=1, delay=None, price='NT$35245')"
SCR_20260601_030,Korean Air,全服務航空 (FSC),,MXP,NRT,"10:00 PM on Mon, Jun 1","9:05 PM on Tue, Jun 2",965,1,,36215.0,36215.0,1,TWD,MXP → 轉機(1次) → NRT,"MXP|10:00 PM on Mon, Jun 1|NRT|9:05 PM on Tue, Jun 2|16 小時 5 分鐘|轉機 1 次",2026-05-27,2026-06-01,Google Flights 爬蟲即時結果,"Flight(is_best=False, name='Korean Air', departure='10:00 PM on Mon, Jun 1', arrival='9:05 PM on Tue, Jun 2', arrival_time_ahead='+1', duration='16 hr 5 min', stops=1, delay=None, price='NT$36215')"
SCR_20260601_031,Korean Air,全服務航空 (FSC),,MXP,NRT,"10:00 PM on Mon, Jun 1","7:45 PM on Wed, Jun 3",2325,1,,36225.0,36225.0,1,TWD,MXP → 轉機(1次) → NRT,"MXP|10:00 PM on Mon, Jun 1|NRT|7:45 PM on Wed, Jun 3|38 小時 45 分鐘|轉機 1 次",2026-05-27,2026-06-01,Google Flights 爬蟲即時結果,"Flight(is_best=False, name='Korean Air', departure='10:00 PM on Mon, Jun 1', arrival='7:45 PM on Wed, Jun 3', arrival_time_ahead='+2', duration='38 hr 45 min', stops=1, delay=None, price='NT$36225')"
SCR_20260601_032,"Korean Air, Asiana Airlines",全服務航空 (FSC),,MXP,NRT,"10:00 PM on Mon, Jun 1","9:00 PM on Tue, Jun 2",960,1,,36873.0,36873.0,1,TWD,MXP → 轉機(1次) → NRT,"MXP|10:00 PM on Mon, Jun 1|NRT|9:00 PM on Tue, Jun 2|16 小時 0 分鐘|轉機 1 次",2026-05-27,2026-06-01,Google Flights 爬蟲即時結果,"Flight(is_best=False, name='Korean Air, Asiana Airlines', departure='10:00 PM on Mon, Jun 1', arrival='9:00 PM on Tue, Jun 2', arrival_time_ahead='+1', duration='16 hr', stops=1, delay=None, price='NT$36873')"
SCR_20260601_033,LOT,全服務航空 (FSC),,MXP,NRT,"7:40 PM on Mon, Jun 1","6:25 PM on Tue, Jun 2",945,1,,40209.0,40209.0,1,TWD,MXP → 轉機(1次) → NRT,"MXP|7:40 PM on Mon, Jun 1|NRT|6:25 PM on Tue, Jun 2|15 小時 45 分鐘|轉機 1 次",2026-05-27,2026-06-01,Google Flights 爬蟲即時結果,"Flight(is_best=False, name='LOT', departure='7:40 PM on Mon, Jun 1', arrival='6:25 PM on Tue, Jun 2', arrival_time_ahead='+1', duration='15 hr 45 min', stops=1, delay=None, price='NT$40209')"
SCR_20260601_034,SWISS,全服務航空 (FSC),,MXP,NRT,"5:50 AM on Mon, Jun 1","9:10 AM on Tue, Jun 2",1220,1,,40212.0,40212.0,1,TWD,MXP → 轉機(1次) → NRT,"MXP|5:50 AM on Mon, Jun 1|NRT|9:10 AM on Tue, Jun 2|20 小時 20 分鐘|轉機 1 次",2026-05-27,2026-06-01,Google Flights 爬蟲即時結果,"Flight(is_best=False, name='SWISS', departure='5:50 AM on Mon, Jun 1', arrival='9:10 AM on Tue, Jun 2', arrival_time_ahead='+1', duration='20 hr 20 min', stops=1, delay=None, price='NT$40212')"
SCR_20260601_035,SWISS,全服務航空 (FSC),,MXP,NRT,"10:40 AM on Mon, Jun 1","9:10 AM on Tue, Jun 2",930,1,,40212.0,40212.0,1,TWD,MXP → 轉機(1次) → NRT,"MXP|10:40 AM on Mon, Jun 1|NRT|9:10 AM on Tue, Jun 2|15 小時 30 分鐘|轉機 1 次",2026-05-27,2026-06-01,Google Flights 爬蟲即時結果,"Flight(is_best=False, name='SWISS', departure='10:40 AM on Mon, Jun 1', arrival='9:10 AM on Tue, Jun 2', arrival_time_ahead='+1', duration='15 hr 30 min', stops=1, delay=None, price='NT$40212')"
SCR_20260601_037,Qatar Airways,全服務航空 (FSC),,MXP,NRT,"4:15 PM on Mon, Jun 1","8:40 PM on Tue, Jun 2",1285,1,,23515.0,23515.0,1,TWD,MXP → 轉機(1次) → NRT,"MXP|4:15 PM on Mon, Jun 1|NRT|8:40 PM on Tue, Jun 2|21 小時 25 分鐘|轉機 1 次",2026-05-27,2026-06-01,Google Flights 爬蟲即時結果,"Flight(is_best=False, name='Qatar Airways', departure='4:15 PM on Mon, Jun 1', arrival='8:40 PM on Tue, Jun 2', arrival_time_ahead='+1', duration='21 hr 25 min', stops=1, delay=None, price='NT$23515')"
SCR_20260601_038,Cathay Pacific,全服務航空 (FSC),,MXP,NRT,"12:45 PM on Mon, Jun 1","1:40 PM on Tue, Jun 2",1075,1,,27255.0,27255.0,1,TWD,MXP → 轉機(1次) → NRT,"MXP|12:45 PM on Mon, Jun 1|NRT|1:40 PM on Tue, Jun 2|17 小時 55 分鐘|轉機 1 次",2026-05-27,2026-06-01,Google Flights 爬蟲即時結果,"Flight(is_best=False, name='Cathay Pacific', departure='12:45 PM on Mon, Jun 1', arrival='1:40 PM on Tue, Jun 2', arrival_time_ahead='+1', duration='17 hr 55 min', stops=1, delay=None, price='NT$27255')"
SCR_20260601_039,Qatar Airways,全服務航空 (FSC),,MXP,NRT,"10:55 AM on Mon, Jun 1","8:40 PM on Tue, Jun 2",1605,1,,23515.0,23515.0,1,TWD,MXP → 轉機(1次) → NRT,"MXP|10:55 AM on Mon, Jun 1|NRT|8:40 PM on Tue, Jun 2|26 小時 45 分鐘|轉機 1 次",2026-05-27,2026-06-01,Google Flights 爬蟲即時結果,"Flight(is_best=False, name='Qatar Airways', departure='10:55 AM on Mon, Jun 1', arrival='8:40 PM on Tue, Jun 2', arrival_time_ahead='+1', duration='26 hr 45 min', stops=1, delay=None, price='NT$23515')"
SCR_20260601_040,Qatar Airways,全服務航空 (FSC),,MXP,NRT,"4:15 PM on Mon, Jun 1","12:55 PM on Wed, Jun 3",2260,1,,23597.0,23597.0,1,TWD,MXP → 轉機(1次) → NRT,"MXP|4:15 PM on Mon, Jun 1|NRT|12:55 PM on Wed, Jun 3|37 小時 40 分鐘|轉機 1 次",2026-05-27,2026-06-01,Google Flights 爬蟲即時結果,"Flight(is_best=False, name='Qatar Airways', departure='4:15 PM on Mon, Jun 1', arrival='12:55 PM on Wed, Jun 3', arrival_time_ahead='+2', duration='37 hr 40 min', stops=1, delay=None, price='NT$23597')"
SCR_20260601_041,Qatar Airways,全服務航空 (FSC),,MXP,NRT,"10:55 AM on Mon, Jun 1","12:55 PM on Wed, Jun 3",2580,1,,25389.0,25389.0,1,TWD,MXP → 轉機(1次) → NRT,"MXP|10:55 AM on Mon, Jun 1|NRT|12:55 PM on Wed, Jun 3|43 小時 0 分鐘|轉機 1 次",2026-05-27,2026-06-01,Google Flights 爬蟲即時結果,"Flight(is_best=False, name='Qatar Airways', departure='10:55 AM on Mon, Jun 1', arrival='12:55 PM on Wed, Jun 3', arrival_time_ahead='+2', duration='43 hr', stops=1, delay=None, price='NT$25389')"
SCR_20260601_042,"Air France, Asiana Airlines",全服務航空 (FSC),,MXP,NRT,"6:45 AM on Mon, Jun 1","2:55 PM on Tue, Jun 2",1510,2,,26157.0,26157.0,1,TWD,MXP → 轉機(2次) → NRT,"MXP|6:45 AM on Mon, Jun 1|NRT|2:55 PM on Tue, Jun 2|25 小時 10 分鐘|轉機 2 次",2026-05-27,2026-06-01,Google Flights 爬蟲即時結果,"Flight(is_best=False, name='Air France, Asiana Airlines', departure='6:45 AM on Mon, Jun 1', arrival='2:55 PM on Tue, Jun 2', arrival_time_ahead='+1', duration='25 hr 10 min', stops=2, delay=None, price='NT$26157')"
SCR_20260601_043,"Air France, Korean Air",全服務航空 (FSC),,MXP,NRT,"6:45 AM on Mon, Jun 1","5:15 PM on Tue, Jun 2",1650,2,,26157.0,26157.0,1,TWD,MXP → 轉機(2次) → NRT,"MXP|6:45 AM on Mon, Jun 1|NRT|5:15 PM on Tue, Jun 2|27 小時 30 分鐘|轉機 2 次",2026-05-27,2026-06-01,Google Flights 爬蟲即時結果,"Flight(is_best=False, name='Air France, Korean Air', departure='6:45 AM on Mon, Jun 1', arrival='5:15 PM on Tue, Jun 2', arrival_time_ahead='+1', duration='27 hr 30 min', stops=2, delay=None, price='NT$26157')"
SCR_20260601_044,"Air France, Asiana Airlines",全服務航空 (FSC),,MXP,NRT,"9:15 AM on Mon, Jun 1","2:55 PM on Tue, Jun 2",1360,2,,26157.0,26157.0,1,TWD,MXP → 轉機(2次) → NRT,"MXP|9:15 AM on Mon, Jun 1|NRT|2:55 PM on Tue, Jun 2|22 小時 40 分鐘|轉機 2 次",2026-05-27,2026-06-01,Google Flights 爬蟲即時結果,"Flight(is_best=False, name='Air France, Asiana Airlines', departure='9:15 AM on Mon, Jun 1', arrival='2:55 PM on Tue, Jun 2', arrival_time_ahead='+1', duration='22 hr 40 min', stops=2, delay=None, price='NT$26157')"
SCR_20260601_045,"Air France, Korean Air",全服務航空 (FSC),,MXP,NRT,"9:15 AM on Mon, Jun 1","5:15 PM on Tue, Jun 2",1500,2,,26157.0,26157.0,1,TWD,MXP → 轉機(2次) → NRT,"MXP|9:15 AM on Mon, Jun 1|NRT|5:15 PM on Tue, Jun 2|25 小時 0 分鐘|轉機 2 次",2026-05-27,2026-06-01,Google Flights 爬蟲即時結果,"Flight(is_best=False, name='Air France, Korean Air', departure='9:15 AM on Mon, Jun 1', arrival='5:15 PM on Tue, Jun 2', arrival_time_ahead='+1', duration='25 hr', stops=2, delay=None, price='NT$26157')"
SCR_20260601_046,"Air France, Asiana Airlines",全服務航空 (FSC),,MXP,NRT,"9:15 AM on Mon, Jun 1","6:25 PM on Tue, Jun 2",1570,2,,26157.0,26157.0,1,TWD,MXP → 轉機(2次) → NRT,"MXP|9:15 AM on Mon, Jun 1|NRT|6:25 PM on Tue, Jun 2|26 小時 10 分鐘|轉機 2 次",2026-05-27,2026-06-01,Google Flights 爬蟲即時結果,"Flight(is_best=False, name='Air France, Asiana Airlines', departure='9:15 AM on Mon, Jun 1', arrival='6:25 PM on Tue, Jun 2', arrival_time_ahead='+1', duration='26 hr 10 min', stops=2, delay=None, price='NT$26157')"
SCR_20260601_047,"Air France, Asiana Airlines",全服務航空 (FSC),,MXP,NRT,"11:25 AM on Mon, Jun 1","2:55 PM on Tue, Jun 2",1230,2,,26157.0,26157.0,1,TWD,MXP → 轉機(2次) → NRT,"MXP|11:25 AM on Mon, Jun 1|NRT|2:55 PM on Tue, Jun 2|20 小時 30 分鐘|轉機 2 次",2026-05-27,2026-06-01,Google Flights 爬蟲即時結果,"Flight(is_best=False, name='Air France, Asiana Airlines', departure='11:25 AM on Mon, Jun 1', arrival='2:55 PM on Tue, Jun 2', arrival_time_ahead='+1', duration='20 hr 30 min', stops=2, delay=None, price='NT$26157')"
SCR_20260601_048,"Air France, Korean Air",全服務航空 (FSC),,MXP,NRT,"11:25 AM on Mon, Jun 1","5:15 PM on Tue, Jun 2",1370,2,,26157.0,26157.0,1,TWD,MXP → 轉機(2次) → NRT,"MXP|11:25 AM on Mon, Jun 1|NRT|5:15 PM on Tue, Jun 2|22 小時 50 分鐘|轉機 2 次",2026-05-27,2026-06-01,Google Flights 爬蟲即時結果,"Flight(is_best=False, name='Air France, Korean Air', departure='11:25 AM on Mon, Jun 1', arrival='5:15 PM on Tue, Jun 2', arrival_time_ahead='+1', duration='22 hr 50 min', stops=2, delay=None, price='NT$26157')"
SCR_20260601_049,"Air France, Asiana Airlines",全服務航空 (FSC),,MXP,NRT,"11:25 AM on Mon, Jun 1","6:25 PM on Tue, Jun 2",1440,2,,26157.0,26157.0,1,TWD,MXP → 轉機(2次) → NRT,"MXP|11:25 AM on Mon, Jun 1|NRT|6:25 PM on Tue, Jun 2|24 小時 0 分鐘|轉機 2 次",2026-05-27,2026-06-01,Google Flights 爬蟲即時結果,"Flight(is_best=False, name='Air France, Asiana Airlines', departure='11:25 AM on Mon, Jun 1', arrival='6:25 PM on Tue, Jun 2', arrival_time_ahead='+1', duration='24 hr', stops=2, delay=None, price='NT$26157')"
SCR_20260601_050,"Air France, Asiana Airlines",全服務航空 (FSC),,MXP,NRT,"11:25 AM on Mon, Jun 1","9:00 PM on Tue, Jun 2",1595,2,,26157.0,26157.0,1,TWD,MXP → 轉機(2次) → NRT,"MXP|11:25 AM on Mon, Jun 1|NRT|9:00 PM on Tue, Jun 2|26 小時 35 分鐘|轉機 2 次",2026-05-27,2026-06-01,Google Flights 爬蟲即時結果,"Flight(is_best=False, name='Air France, Asiana Airlines', departure='11:25 AM on Mon, Jun 1', arrival='9:00 PM on Tue, Jun 2', arrival_time_ahead='+1', duration='26 hr 35 min', stops=2, delay=None, price='NT$26157')"
SCR_20260601_051,"Air France, KLM",全服務航空 (FSC),,MXP,NRT,"6:45 AM on Mon, Jun 1","10:25 AM on Tue, Jun 2",1240,2,,26614.0,26614.0,1,TWD,MXP → 轉機(2次) → NRT,"MXP|6:45 AM on Mon, Jun 1|NRT|10:25 AM on Tue, Jun 2|20 小時 40 分鐘|轉機 2 次",2026-05-27,2026-06-01,Google Flights 爬蟲即時結果,"Flight(is_best=False, name='Air France, KLM', departure='6:45 AM on Mon, Jun 1', arrival='10:25 AM on Tue, Jun 2', arrival_time_ahead='+1', duration='20 hr 40 min', stops=2, delay=None, price='NT$26614')"
SCR_20260601_052,Cathay Pacific,全服務航空 (FSC),,MXP,NRT,"12:45 PM on Mon, Jun 1","2:30 PM on Tue, Jun 2",1125,1,,27255.0,27255.0,1,TWD,MXP → 轉機(1次) → NRT,"MXP|12:45 PM on Mon, Jun 1|NRT|2:30 PM on Tue, Jun 2|18 小時 45 分鐘|轉機 1 次",2026-05-27,2026-06-01,Google Flights 爬蟲即時結果,"Flight(is_best=False, name='Cathay Pacific', departure='12:45 PM on Mon, Jun 1', arrival='2:30 PM on Tue, Jun 2', arrival_time_ahead='+1', duration='18 hr 45 min', stops=1, delay=None, price='NT$27255')"
SCR_20260601_053,"Cathay Pacific, JAL",全服務航空 (FSC),,MXP,NRT,"12:45 PM on Mon, Jun 1","3:55 PM on Tue, Jun 2",1210,1,,27255.0,27255.0,1,TWD,MXP → 轉機(1次) → NRT,"MXP|12:45 PM on Mon, Jun 1|NRT|3:55 PM on Tue, Jun 2|20 小時 10 分鐘|轉機 1 次",2026-05-27,2026-06-01,Google Flights 爬蟲即時結果,"Flight(is_best=False, name='Cathay Pacific, JAL', departure='12:45 PM on Mon, Jun 1', arrival='3:55 PM on Tue, Jun 2', arrival_time_ahead='+1', duration='20 hr 10 min', stops=1, delay=None, price='NT$27255')"
SCR_20260601_054,Cathay Pacific,全服務航空 (FSC),,MXP,NRT,"12:45 PM on Mon, Jun 1","4:05 PM on Tue, Jun 2",1220,1,,27255.0,27255.0,1,TWD,MXP → 轉機(1次) → NRT,"MXP|12:45 PM on Mon, Jun 1|NRT|4:05 PM on Tue, Jun 2|20 小時 20 分鐘|轉機 1 次",2026-05-27,2026-06-01,Google Flights 爬蟲即時結果,"Flight(is_best=False, name='Cathay Pacific', departure='12:45 PM on Mon, Jun 1', arrival='4:05 PM on Tue, Jun 2', arrival_time_ahead='+1', duration='20 hr 20 min', stops=1, delay=None, price='NT$27255')"
SCR_20260601_055,Cathay Pacific,全服務航空 (FSC),,MXP,NRT,"12:45 PM on Mon, Jun 1","8:50 PM on Tue, Jun 2",1505,1,,27255.0,27255.0,1,TWD,MXP → 轉機(1次) → NRT,"MXP|12:45 PM on Mon, Jun 1|NRT|8:50 PM on Tue, Jun 2|25 小時 5 分鐘|轉機 1 次",2026-05-27,2026-06-01,Google Flights 爬蟲即時結果,"Flight(is_best=False, name='Cathay Pacific', departure='12:45 PM on Mon, Jun 1', arrival='8:50 PM on Tue, Jun 2', arrival_time_ahead='+1', duration='25 hr 5 min', stops=1, delay=None, price='NT$27255')"
SCR_20260601_056,Cathay Pacific,全服務航空 (FSC),,MXP,NRT,"12:45 PM on Mon, Jun 1","6:50 AM on Wed, Jun 3",2105,1,,27255.0,27255.0,1,TWD,MXP → 轉機(1次) → NRT,"MXP|12:45 PM on Mon, Jun 1|NRT|6:50 AM on Wed, Jun 3|35 小時 5 分鐘|轉機 1 次",2026-05-27,2026-06-01,Google Flights 爬蟲即時結果,"Flight(is_best=False, name='Cathay Pacific', departure='12:45 PM on Mon, Jun 1', arrival='6:50 AM on Wed, Jun 3', arrival_time_ahead='+2', duration='35 hr 5 min', stops=1, delay=None, price='NT$27255')"
SCR_20260601_057,Cathay Pacific,全服務航空 (FSC),,MXP,NRT,"12:45 PM on Mon, Jun 1","5:15 PM on Tue, Jun 2",1290,2,,29159.0,29159.0,1,TWD,MXP → 轉機(2次) → NRT,"MXP|12:45 PM on Mon, Jun 1|NRT|5:15 PM on Tue, Jun 2|21 小時 30 分鐘|轉機 2 次",2026-05-27,2026-06-01,Google Flights 爬蟲即時結果,"Flight(is_best=False, name='Cathay Pacific', departure='12:45 PM on Mon, Jun 1', arrival='5:15 PM on Tue, Jun 2', arrival_time_ahead='+1', duration='21 hr 30 min', stops=2, delay=None, price='NT$29159')"
SCR_20260601_058,Cathay Pacific,全服務航空 (FSC),,MXP,NRT,"12:45 PM on Mon, Jun 1","5:15 PM on Tue, Jun 2",1290,2,,29159.0,29159.0,1,TWD,MXP → 轉機(2次) → NRT,"MXP|12:45 PM on Mon, Jun 1|NRT|5:15 PM on Tue, Jun 2|21 小時 30 分鐘|轉機 2 次",2026-05-27,2026-06-01,Google Flights 爬蟲即時結果,"Flight(is_best=False, name='Cathay Pacific', departure='12:45 PM on Mon, Jun 1', arrival='5:15 PM on Tue, Jun 2', arrival_time_ahead='+1', duration='21 hr 30 min', stops=2, delay=None, price='NT$29159')"
SCR_20260601_059,Cathay Pacific,全服務航空 (FSC),,MXP,NRT,"12:45 PM on Mon, Jun 1","5:15 PM on Tue, Jun 2",1290,2,,29159.0,29159.0,1,TWD,MXP → 轉機(2次) → NRT,"MXP|12:45 PM on Mon, Jun 1|NRT|5:15 PM on Tue, Jun 2|21 小時 30 分鐘|轉機 2 次",2026-05-27,2026-06-01,Google Flights 爬蟲即時結果,"Flight(is_best=False, name='Cathay Pacific', departure='12:45 PM on Mon, Jun 1', arrival='5:15 PM on Tue, Jun 2', arrival_time_ahead='+1', duration='21 hr 30 min', stops=2, delay=None, price='NT$29159')"
SCR_20260601_060,"Brussels Airlines, Hainan",未知,,MXP,NRT,"8:35 AM on Mon, Jun 1","11:55 AM on Tue, Jun 2",1220,2,,31276.0,31276.0,1,TWD,MXP → 轉機(2次) → NRT,"MXP|8:35 AM on Mon, Jun 1|NRT|11:55 AM on Tue, Jun 2|20 小時 20 分鐘|轉機 2 次",2026-05-27,2026-06-01,Google Flights 爬蟲即時結果,"Flight(is_best=False, name='Brussels Airlines, Hainan', departure='8:35 AM on Mon, Jun 1', arrival='11:55 AM on Tue, Jun 2', arrival_time_ahead='+1', duration='20 hr 20 min', stops=2, delay=None, price='NT$31276')"
SCR_20260601_061,THAI,廉航 (LCC),,MXP,NRT,"2:05 PM on Mon, Jun 1","8:10 AM on Wed, Jun 3",2105,1,,31571.0,31571.0,1,TWD,MXP → 轉機(1次) → NRT,"MXP|2:05 PM on Mon, Jun 1|NRT|8:10 AM on Wed, Jun 3|35 小時 5 分鐘|轉機 1 次",2026-05-27,2026-06-01,Google Flights 爬蟲即時結果,"Flight(is_best=False, name='THAI', departure='2:05 PM on Mon, Jun 1', arrival='8:10 AM on Wed, Jun 3', arrival_time_ahead='+2', duration='35 hr 5 min', stops=1, delay=None, price='NT$31571')"
SCR_20260601_062,EVA Air,全服務航空 (FSC),,MXP,NRT,"11:15 AM on Mon, Jun 1","12:25 PM on Tue, Jun 2",1090,1,,34478.0,34478.0,1,TWD,MXP → 轉機(1次) → NRT,"MXP|11:15 AM on Mon, Jun 1|NRT|12:25 PM on Tue, Jun 2|18 小時 10 分鐘|轉機 1 次",2026-05-27,2026-06-01,Google Flights 爬蟲即時結果,"Flight(is_best=False, name='EVA Air', departure='11:15 AM on Mon, Jun 1', arrival='12:25 PM on Tue, Jun 2', arrival_time_ahead='+1', duration='18 hr 10 min', stops=1, delay=None, price='NT$34478')"
SCR_20260601_063,EVA Air,全服務航空 (FSC),,MXP,NRT,"11:15 AM on Mon, Jun 1","1:25 PM on Tue, Jun 2",1150,1,,34478.0,34478.0,1,TWD,MXP → 轉機(1次) → NRT,"MXP|11:15 AM on Mon, Jun 1|NRT|1:25 PM on Tue, Jun 2|19 小時 10 分鐘|轉機 1 次",2026-05-27,2026-06-01,Google Flights 爬蟲即時結果,"Flight(is_best=False, name='EVA Air', departure='11:15 AM on Mon, Jun 1', arrival='1:25 PM on Tue, Jun 2', arrival_time_ahead='+1', duration='19 hr 10 min', stops=1, delay=None, price='NT$34478')"
SCR_20260601_064,EVA Air,全服務航空 (FSC),,MXP,NRT,"11:15 AM on Mon, Jun 1","7:40 PM on Tue, Jun 2",1525,1,,35245.0,35245.0,1,TWD,MXP → 轉機(1次) → NRT,"MXP|11:15 AM on Mon, Jun 1|NRT|7:40 PM on Tue, Jun 2|25 小時 25 分鐘|轉機 1 次",2026-05-27,2026-06-01,Google Flights 爬蟲即時結果,"Flight(is_best=False, name='EVA Air', departure='11:15 AM on Mon, Jun 1', arrival='7:40 PM on Tue, Jun 2', arrival_time_ahead='+1', duration='25 hr 25 min', stops=1, delay=None, price='NT$35245')"
SCR_20260601_065,Korean Air,全服務航空 (FSC),,MXP,NRT,"10:00 PM on Mon, Jun 1","9:05 PM on Tue, Jun 2",965,1,,36215.0,36215.0,1,TWD,MXP → 轉機(1次) → NRT,"MXP|10:00 PM on Mon, Jun 1|NRT|9:05 PM on Tue, Jun 2|16 小時 5 分鐘|轉機 1 次",2026-05-27,2026-06-01,Google Flights 爬蟲即時結果,"Flight(is_best=False, name='Korean Air', departure='10:00 PM on Mon, Jun 1', arrival='9:05 PM on Tue, Jun 2', arrival_time_ahead='+1', duration='16 hr 5 min', stops=1, delay=None, price='NT$36215')"
SCR_20260601_066,Korean Air,全服務航空 (FSC),,MXP,NRT,"10:00 PM on Mon, Jun 1","7:45 PM on Wed, Jun 3",2325,1,,36225.0,36225.0,1,TWD,MXP → 轉機(1次) → NRT,"MXP|10:00 PM on Mon, Jun 1|NRT|7:45 PM on Wed, Jun 3|38 小時 45 分鐘|轉機 1 次",2026-05-27,2026-06-01,Google Flights 爬蟲即時結果,"Flight(is_best=False, name='Korean Air', departure='10:00 PM on Mon, Jun 1', arrival='7:45 PM on Wed, Jun 3', arrival_time_ahead='+2', duration='38 hr 45 min', stops=1, delay=None, price='NT$36225')"
SCR_20260601_067,"Korean Air, Asiana Airlines",全服務航空 (FSC),,MXP,NRT,"10:00 PM on Mon, Jun 1","9:00 PM on Tue, Jun 2",960,1,,36873.0,36873.0,1,TWD,MXP → 轉機(1次) → NRT,"MXP|10:00 PM on Mon, Jun 1|NRT|9:00 PM on Tue, Jun 2|16 小時 0 分鐘|轉機 1 次",2026-05-27,2026-06-01,Google Flights 爬蟲即時結果,"Flight(is_best=False, name='Korean Air, Asiana Airlines', departure='10:00 PM on Mon, Jun 1', arrival='9:00 PM on Tue, Jun 2', arrival_time_ahead='+1', duration='16 hr', stops=1, delay=None, price='NT$36873')"
SCR_20260601_068,LOT,全服務航空 (FSC),,MXP,NRT,"7:40 PM on Mon, Jun 1","6:25 PM on Tue, Jun 2",945,1,,40209.0,40209.0,1,TWD,MXP → 轉機(1次) → NRT,"MXP|7:40 PM on Mon, Jun 1|NRT|6:25 PM on Tue, Jun 2|15 小時 45 分鐘|轉機 1 次",2026-05-27,2026-06-01,Google Flights 爬蟲即時結果,"Flight(is_best=False, name='LOT', departure='7:40 PM on Mon, Jun 1', arrival='6:25 PM on Tue, Jun 2', arrival_time_ahead='+1', duration='15 hr 45 min', stops=1, delay=None, price='NT$40209')"
SCR_20260601_069,SWISS,全服務航空 (FSC),,MXP,NRT,"5:50 AM on Mon, Jun 1","9:10 AM on Tue, Jun 2",1220,1,,40212.0,40212.0,1,TWD,MXP → 轉機(1次) → NRT,"MXP|5:50 AM on Mon, Jun 1|NRT|9:10 AM on Tue, Jun 2|20 小時 20 分鐘|轉機 1 次",2026-05-27,2026-06-01,Google Flights 爬蟲即時結果,"Flight(is_best=False, name='SWISS', departure='5:50 AM on Mon, Jun 1', arrival='9:10 AM on Tue, Jun 2', arrival_time_ahead='+1', duration='20 hr 20 min', stops=1, delay=None, price='NT$40212')"
SCR_20260601_070,SWISS,全服務航空 (FSC),,MXP,NRT,"10:40 AM on Mon, Jun 1","9:10 AM on Tue, Jun 2",930,1,,40212.0,40212.0,1,TWD,MXP → 轉機(1次) → NRT,"MXP|10:40 AM on Mon, Jun 1|NRT|9:10 AM on Tue, Jun 2|15 小時 30 分鐘|轉機 1 次",2026-05-27,2026-06-01,Google Flights 爬蟲即時結果,"Flight(is_best=False, name='SWISS', departure='10:40 AM on Mon, Jun 1', arrival='9:10 AM on Tue, Jun 2', arrival_time_ahead='+1', duration='15 hr 30 min', stops=1, delay=None, price='NT$40212')"
